ID,LIMIT_BAL,SEX,EDUCATION,MARRIAGE,AGE,PAY_0,PAY_2,PAY_3,PAY_4,PAY_5,PAY_6,BILL_AMT1,BILL_AMT2,BILL_AMT3,BILL_AMT4,BILL_AMT5,BILL_AMT6,PAY_AMT1,PAY_AMT2,PAY_AMT3,PAY_AMT4,PAY_AMT5,PAY_AMT6,default.payment.next.month
2309,30000.0,1,2,2,25,0,0,0,0,0,0,8864.0,10062.0,11581.0,12580.0,13716.0,14828.0,1500.0,2000.0,1500.0,1500.0,1500.0,2000.0,0
22405,150000.0,2,1,2,26,0,0,0,0,0,0,136736.0,125651.0,116684.0,101581.0,77741.0,77264.0,4486.0,4235.0,3161.0,2647.0,2669.0,2669.0,0
23398,70000.0,2,3,1,32,0,0,0,0,0,0,70122.0,69080.0,68530.0,69753.0,70111.0,70212.0,2431.0,3112.0,3000.0,2438.0,2500.0,2554.0,0
25059,130000.0,1,3,2,49,0,0,0,0,0,-1,20678.0,18956.0,16172.0,16898.0,11236.0,6944.0,1610.0,1808.0,7014.0,27.0,7011.0,4408.0,0
2665,50000.0,2,2,2,36,0,0,0,0,0,2,94228.0,47635.0,42361.0,19574.0,20295.0,19439.0,2000.0,1500.0,1000.0,1800.0,0.0,1000.0,1
8512,50000.0,2,2,2,29,-1,-1,-1,0,0,0,1303.0,801.0,11512.0,11512.0,8490.0,0.0,801.0,11512.0,0.0,0.0,0.0,950.0,0
5149,110000.0,1,3,2,33,1,2,0,0,0,-2,7128.0,1852.0,2625.0,2625.0,0.0,0.0,0.0,1000.0,0.0,0.0,0.0,0.0,1
7791,140000.0,2,1,1,32,1,-2,-2,-2,-2,-2,0.0,0.0,0.0,0.0,0.0,0.0,0.0,0.0,0.0,0.0,0.0,0.0,0
11312,260000.0,2,2,3,38,-1,-1,-1,-1,-1,0,8000.0,8000.0,8000.0,8000.0,24406.0,18043.0,8000.0,8000.0,8000.0,24406.0,2000.0,389.0,0
19044,80000.0,2,2,2,23,0,0,-2,-2,-2,-2,68850.0,0.0,0.0,0.0,0.0,0.0,0.0,0.0,0.0,0.0,0.0,0.0,0
10785,80000.0,2,2,1,33,2,2,2,2,2,2,53843.0,55933.0,56575.0,57303.0,58593.0,59738.0,3500.0,2100.0,2200.0,2300.0,2200.0,2100.0,0
22247,90000.0,2,2,2,25,0,-1,-1,-1,-1,-1,27658.0,11865.0,4602.0,28426.0,8978.0,5104.0,6708.0,8853.0,28990.0,9028.0,5119.0,428.0,0
3269,80000.0,2,2,1,34,0,0,0,0,-1,0,78688.0,80539.0,76681.0,34197.0,27398.0,28646.0,4000.0,2333.0,3032.0,28298.0,2000.0,2000.0,0
15948,30000.0,2,2,1,30,3,2,2,7,7,7,2400.0,2400.0,2400.0,2400.0,2400.0,2400.0,0.0,0.0,0.0,0.0,0.0,0.0,1
14978,200000.0,1,1,1,29,-1,-1,-1,-1,-1,-1,9585.0,1686.0,820.0,1889.0,6617.0,3986.0,1735.0,824.0,1889.0,6617.0,3986.0,2460.0,0
14475,110000.0,2,2,2,39,0,0,0,0,0,0,210804.0,107572.0,100475.0,48409.0,47693.0,49018.0,5426.0,4244.0,1837.0,1713.0,2100.0,2020.0,0
28695,100000.0,2,3,2,33,0,0,0,0,0,0,74847.0,70663.0,63794.0,60651.0,54664.0,51776.0,3000.0,3000.0,2700.0,2000.0,2000.0,2000.0,0
14055,30000.0,2,2,1,51,0,0,0,0,0,0,10874.0,11896.0,12906.0,13162.0,13438.0,13705.0,1205.0,1215.0,471.0,488.0,491.0,508.0,0
26546,200000.0,2,2,1,50,-2,-2,-2,-2,-2,-2,411.0,453.0,348.0,359.0,672.0,1620.0,453.0,348.0,359.0,672.0,1620.0,384.0,0
14981,30000.0,1,2,1,23,2,2,2,2,2,2,28224.0,29276.0,28635.0,30127.0,30525.0,29793.0,1800.0,150.0,2250.0,1000.0,0.0,700.0,1
17637,360000.0,2,2,1,33,0,0,0,-2,-2,-2,11596.0,11775.0,0.0,0.0,0.0,0.0,1058.0,0.0,0.0,0.0,0.0,0.0,0
3932,120000.0,2,1,2,34,0,0,0,2,2,2,105356.0,107588.0,115372.0,112027.0,119702.0,121650.0,3931.0,9600.0,0.0,9500.0,4100.0,0.0,1
8388,30000.0,1,2,2,28,0,0,0,0,0,-2,26054.0,25144.0,25775.0,18585.0,0.0,0.0,2000.0,2000.0,2000.0,0.0,0.0,0.0,0
8029,110000.0,2,1,2,34,0,0,0,0,0,0,110712.0,110988.0,98270.0,79402.0,80804.0,81024.0,4112.0,3648.0,2800.0,3100.0,3133.0,2800.0,0
9483,280000.0,2,1,1,47,0,0,0,0,-1,0,257561.0,270827.0,212405.0,194345.0,161084.0,174622.0,20000.0,15000.0,0.0,161084.0,15000.0,20000.0,0
22573,180000.0,2,2,1,48,-1,-1,-1,-1,-2,-2,4498.0,-2.0,760.0,0.0,0.0,245.0,0.0,762.0,0.0,0.0,245.0,884.0,0
15108,210000.0,1,0,2,45,-2,-2,-2,-2,-2,-2,2563.0,5854.0,1032.0,788.0,3499.0,3372.0,5854.0,1032.0,788.0,3565.0,3372.0,15381.0,0
3674,20000.0,1,3,1,47,2,2,2,2,2,0,14328.0,17196.0,17418.0,17608.0,17187.0,17528.0,3114.0,800.0,770.0,0.0,776.0,549.0,1
21389,300000.0,1,1,1,58,-1,-1,-1,-2,-1,0,13620.0,5779.0,-1921.0,-1921.0,1912.0,1921.0,5823.0,0.0,0.0,3833.0,9.0,0.0,0
5938,200000.0,2,2,1,36,-1,-1,-1,-1,-1,-1,1070.0,4078.0,1099.0,1099.0,1099.0,1099.0,4107.0,1099.0,1099.0,1099.0,1099.0,1099.0,0
27034,550000.0,1,2,2,33,-2,-2,-2,-2,-2,-2,-509.0,-1925.0,4532.0,13069.0,5071.0,8276.0,15.0,10014.0,20000.0,10000.0,10000.0,7548.0,0
29272,170000.0,1,2,1,27,-1,-1,-1,-1,0,-1,2697.0,0.0,1409.0,1337.0,1337.0,53885.0,0.0,1409.0,1337.0,0.0,53885.0,2000.0,0
21881,30000.0,2,2,2,22,2,-1,-1,-1,-1,-1,174.0,1995.0,3530.0,0.0,5960.0,0.0,1995.0,3530.0,0.0,5960.0,0.0,1778.0,0
6509,500000.0,2,2,2,36,0,0,0,0,-2,-1,21368.0,21094.0,12675.0,5803.0,5841.0,2227.0,4066.0,5004.0,28.0,2033.0,3130.0,94593.0,0
21458,180000.0,2,2,2,24,0,0,0,0,-1,0,8031.0,9269.0,9029.0,11186.0,23320.0,6666.0,2009.0,2626.0,3000.0,23320.0,1000.0,1000.0,1
20072,270000.0,2,1,2,36,0,0,0,0,0,0,16699.0,17908.0,19114.0,20341.0,20617.0,16223.0,1800.0,1500.0,1600.0,830.0,1000.0,1000.0,0
27013,500000.0,1,1,1,43,0,0,0,0,0,0,124362.0,126860.0,129576.0,129863.0,120781.0,98163.0,4567.0,4787.0,4745.0,4256.0,3321.0,3326.0,0
10093,180000.0,2,3,1,43,-1,-1,-1,-1,-1,-1,1473.0,22969.0,27315.0,13315.0,8194.0,12800.0,22969.0,27392.0,13315.0,9000.0,12800.0,9460.0,0
22568,280000.0,1,1,2,31,-2,-2,-2,-2,-2,-2,0.0,0.0,0.0,787.0,1233.0,0.0,0.0,0.0,787.0,1233.0,0.0,0.0,1
12977,50000.0,1,2,1,35,1,-1,-1,-1,-2,-2,0.0,1118.0,667.0,0.0,0.0,0.0,1118.0,673.0,0.0,0.0,0.0,0.0,0
3814,60000.0,2,2,1,42,0,0,0,0,0,0,58264.0,57923.0,58987.0,17350.0,17937.0,17298.0,3200.0,3000.0,800.0,1000.0,1000.0,1000.0,0
7338,230000.0,2,1,1,36,-1,-1,2,-1,-1,-1,878.0,9567.0,3074.0,3660.0,3790.0,6006.0,9574.0,0.0,3660.0,3790.0,6006.0,5647.0,1
24484,160000.0,1,1,1,41,1,-2,-2,-2,-2,-2,0.0,0.0,0.0,0.0,0.0,0.0,0.0,0.0,0.0,0.0,0.0,0.0,1
19593,170000.0,2,2,1,45,0,0,0,0,0,0,169625.0,169944.0,169829.0,162988.0,125969.0,127643.0,6081.0,6336.0,5205.0,4452.0,4592.0,4677.0,0
5122,200000.0,1,1,1,37,-1,2,-1,-1,-1,-1,446.0,123.0,123.0,200.0,123.0,280.0,0.0,123.0,200.0,123.0,280.0,151.0,1
14906,90000.0,2,6,3,46,0,0,0,0,0,0,77263.0,26691.0,21066.0,20422.0,20327.0,13619.0,8333.0,1494.0,600.0,1000.0,1000.0,257.0,0
8224,30000.0,1,2,2,30,4,3,2,2,2,0,30562.0,29809.0,28920.0,29887.0,29525.0,25006.0,0.0,0.0,1900.0,15.0,1030.0,30802.0,0
2869,150000.0,2,1,2,27,-1,-1,-2,-2,-2,-2,1345.0,0.0,0.0,0.0,0.0,0.0,0.0,0.0,0.0,0.0,0.0,24948.0,0
2343,290000.0,1,2,1,50,0,0,0,0,0,0,88713.0,79214.0,81301.0,84033.0,86513.0,90056.0,3459.0,4000.0,5000.0,4000.0,5000.0,5000.0,0
8833,470000.0,1,2,2,34,0,0,0,0,0,0,247503.0,245552.0,238161.0,240607.0,230142.0,198171.0,9024.0,10400.0,10000.0,25000.0,8000.0,8000.0,0
7933,130000.0,1,1,1,70,1,-2,-2,-2,-2,-2,0.0,0.0,0.0,0.0,0.0,0.0,0.0,0.0,0.0,0.0,0.0,0.0,1
16558,280000.0,1,2,2,27,-2,-2,-2,-2,-2,-2,1566.0,2872.0,1572.0,2437.0,1572.0,1572.0,2891.0,1586.0,2444.0,1586.0,1579.0,1579.0,0
20605,110000.0,1,2,2,29,0,0,0,0,0,0,104968.0,107221.0,109494.0,111954.0,111771.0,111703.0,4000.0,4000.0,4300.0,4164.0,4500.0,4200.0,0
12984,30000.0,1,1,2,31,0,0,0,0,0,0,28398.0,18550.0,13198.0,13222.0,14620.0,17376.0,2081.0,1196.0,1000.0,2000.0,3000.0,5000.0,0
3015,200000.0,1,1,2,35,-1,-1,-1,-1,-1,-1,7429.0,24325.0,40258.0,15103.0,14079.0,20878.0,24325.0,40265.0,15159.0,14079.0,20878.0,26716.0,0
27332,280000.0,1,2,1,39,-2,-2,-2,-2,-2,-2,1525.0,7391.0,5234.0,3316.0,2970.0,3978.0,7430.0,5234.0,3316.0,2970.0,3978.0,3258.0,0
12125,420000.0,1,1,2,42,0,0,0,0,0,0,155814.0,155282.0,116385.0,106961.0,92331.0,89566.0,5397.0,5678.0,3577.0,3023.0,3026.0,3012.0,0
3753,360000.0,2,1,1,31,-2,-2,-2,-1,0,-1,-5.0,-5.0,-5.0,4232.0,3189.0,7511.0,0.0,0.0,4237.0,16.0,7548.0,4105.0,0
27388,120000.0,1,2,1,43,-1,-1,-2,-1,-1,-1,3972.0,2809.0,1021.0,2311.0,3868.0,2980.0,2816.0,1021.0,2321.0,3868.0,2980.0,0.0,0
12336,210000.0,1,2,2,26,0,0,0,0,0,0,206714.0,197252.0,140440.0,122678.0,120215.0,112973.0,7868.0,5000.0,5004.0,4500.0,3950.0,3800.0,0
11545,300000.0,2,2,1,34,-1,-1,-1,-1,-1,-1,1000.0,1000.0,1000.0,1000.0,2000.0,1000.0,1000.0,1000.0,1000.0,2000.0,1000.0,1000.0,1
11357,30000.0,2,3,1,43,1,2,2,2,2,2,12603.0,13103.0,13785.0,13911.0,13548.0,14465.0,1000.0,1200.0,646.0,0.0,1300.0,1000.0,0
2677,120000.0,1,1,1,51,0,0,2,0,0,0,125702.0,130461.0,131281.0,128594.0,117561.0,116732.0,8300.0,4500.0,4260.0,4595.0,4311.0,4280.0,0
28739,240000.0,2,2,1,31,-1,-1,-1,-1,-1,-1,184.0,0.0,2500.0,12500.0,749.0,2829.0,0.0,2500.0,12500.0,749.0,2829.0,2900.0,0
29996,220000.0,1,3,1,39,0,0,0,0,0,0,188948.0,192815.0,208365.0,88004.0,31237.0,15980.0,8500.0,20000.0,5003.0,3047.0,5000.0,1000.0,0
20748,360000.0,1,2,1,36,-2,-2,-2,-2,-2,-2,4671.0,928.0,5384.0,499.0,596.0,2338.0,929.0,5405.0,500.0,597.0,2340.0,2649.0,0
13376,10000.0,2,3,1,58,0,0,0,0,0,0,7569.0,8598.0,9590.0,9782.0,9986.0,9173.0,1158.0,1150.0,335.0,346.0,336.0,1323.0,0
17987,240000.0,1,1,1,38,-1,3,2,-1,-1,0,6333.0,3360.0,1291.0,2740.0,2241.0,1060.0,0.0,10.0,2740.0,2241.0,0.0,2731.0,0
7886,50000.0,2,1,2,24,0,0,0,-2,-2,-2,12806.0,13490.0,0.0,0.0,0.0,0.0,7522.0,0.0,0.0,0.0,0.0,0.0,1
13333,50000.0,2,2,1,49,0,0,0,0,0,0,47649.0,49100.0,50380.0,19144.0,17625.0,17246.0,2220.0,2500.0,644.0,628.0,642.0,1500.0,0
9586,80000.0,2,2,1,24,-1,0,0,-1,-1,-2,1462.0,2472.0,0.0,492.0,0.0,0.0,1502.0,0.0,492.0,0.0,0.0,0.0,0
6333,170000.0,1,1,1,60,0,0,0,0,0,0,170359.0,178514.0,98196.0,100108.0,95629.0,89472.0,11700.0,3600.0,3500.0,3500.0,3300.0,3500.0,1
24430,50000.0,1,3,2,39,0,0,0,0,0,0,39753.0,40701.0,41342.0,41424.0,41182.0,41187.0,2000.0,2000.0,2000.0,1600.0,2000.0,2000.0,1
18080,50000.0,1,2,2,42,0,0,0,0,0,0,49495.0,50586.0,49200.0,49763.0,18373.0,19187.0,3000.0,3000.0,3003.0,5000.0,2000.0,1500.0,0
5202,230000.0,1,1,2,36,0,0,0,0,0,0,218637.0,223208.0,159930.0,141834.0,213408.0,222681.0,10034.0,5600.0,10753.0,100000.0,12823.0,8910.0,0
748,300000.0,2,3,1,34,0,0,0,0,0,0,280823.0,275303.0,271952.0,193403.0,187562.0,191069.0,11000.0,12000.0,7200.0,6500.0,6173.0,5500.0,1
9761,280000.0,2,2,1,29,0,0,0,0,0,0,233717.0,87171.0,87786.0,86510.0,83560.0,84808.0,10004.0,3066.0,3171.0,3501.0,3030.0,2789.0,0
29613,20000.0,1,2,3,47,-1,-1,2,2,-1,-1,390.0,780.0,390.0,0.0,780.0,0.0,780.0,0.0,0.0,780.0,0.0,0.0,1
19993,240000.0,2,2,1,34,-1,-1,0,0,-1,-1,626.0,1921.0,20740.0,21274.0,888.0,360.0,1921.0,19000.0,2624.0,888.0,360.0,360.0,0
23190,100000.0,2,2,1,42,0,0,0,0,0,0,63984.0,65917.0,67673.0,66292.0,67793.0,67182.0,3000.0,4000.0,3000.0,2500.0,3000.0,2500.0,0
25536,360000.0,2,1,2,35,-1,-1,-1,-1,0,0,1475.0,13466.0,17584.0,17354.0,37703.0,22490.0,14200.0,17631.0,17741.0,25203.0,10000.0,216.0,0
17964,70000.0,1,2,2,32,0,0,0,0,0,0,71336.0,70393.0,131412.0,63823.0,52339.0,40836.0,3609.0,2523.0,2441.0,3038.0,2029.0,70004.0,1
25247,270000.0,2,2,2,25,0,0,0,0,0,0,38525.0,39492.0,33898.0,35272.0,37201.0,31447.0,2000.0,2000.0,2000.0,2408.0,1500.0,2013.0,0
5082,290000.0,2,2,1,36,-2,-2,-2,-2,-2,-2,754.0,-98.0,-309.0,63.0,227.0,946.0,0.0,0.0,500.0,590.0,1045.0,0.0,0
9351,400000.0,2,2,1,34,-1,-1,0,-1,-1,0,14986.0,25772.0,12621.0,13983.0,3378.0,3770.0,25772.0,1500.0,13983.0,3378.0,2000.0,9353.0,0
10983,300000.0,2,1,1,59,-1,-1,2,2,2,2,2500.0,2500.0,2500.0,2500.0,2500.0,2500.0,0.0,0.0,0.0,0.0,0.0,0.0,0
23622,210000.0,2,3,1,44,-2,-2,-2,-2,-2,-2,11771.0,13462.0,17706.0,0.0,5646.0,14793.0,13462.0,17706.0,0.0,5646.0,14793.0,7376.0,1
13236,50000.0,2,2,1,55,0,0,2,0,0,0,37984.0,41234.0,37701.0,28181.0,28711.0,29368.0,3900.0,0.0,1300.0,1100.0,1100.0,1000.0,1
19368,110000.0,2,2,1,39,0,0,0,0,0,0,93111.0,91198.0,85136.0,80491.0,78967.0,80628.0,3226.0,3050.0,2765.0,2304.0,2400.0,1885.0,0
1191,240000.0,2,1,2,29,0,0,0,0,0,-2,3093.0,2322.0,8186.0,3980.0,0.0,0.0,2000.0,2020.0,2500.0,0.0,0.0,85.0,0
822,50000.0,2,2,2,24,1,2,0,0,0,0,48861.0,48082.0,48614.0,26667.0,26036.0,26850.0,2000.0,2233.0,1083.0,1100.0,1400.0,3000.0,1
15879,80000.0,2,3,1,28,0,0,0,0,0,0,63900.0,65343.0,66171.0,58683.0,43421.0,44267.0,3000.0,2470.0,2228.0,1516.0,2000.0,1556.0,1
20498,20000.0,1,2,2,24,1,2,2,0,0,0,6962.0,7898.0,7626.0,8692.0,9541.0,9885.0,1200.0,0.0,1200.0,1000.0,500.0,500.0,1
9420,130000.0,2,2,2,29,2,2,0,0,0,-1,172094.0,156589.0,145398.0,136115.0,138893.0,127502.0,0.0,3300.0,2500.0,2778.0,130000.0,3689.0,0
28101,210000.0,2,1,2,29,-1,-1,-1,-1,-1,-1,18662.0,6220.0,199.0,0.0,10024.0,-18.0,6224.0,199.0,200.0,10024.0,0.0,0.0,0
8893,130000.0,1,2,2,28,0,0,0,0,0,0,88549.0,74624.0,76133.0,77648.0,79370.0,80071.0,2709.0,2750.0,2767.0,2961.0,2913.0,3000.0,0
4462,130000.0,1,1,2,46,0,0,0,0,0,0,110766.0,114977.0,120976.0,40177.0,41529.0,43734.0,6000.0,9000.0,2000.0,2000.0,3000.0,4000.0,1
25230,20000.0,2,3,2,22,0,0,0,0,0,0,16063.0,14928.0,14012.0,11965.0,11867.0,12850.0,1565.0,2006.0,2011.0,7000.0,2000.0,4000.0,0
29986,240000.0,1,1,2,30,-2,-2,-2,-2,-2,-2,0.0,0.0,0.0,0.0,0.0,0.0,0.0,0.0,0.0,0.0,0.0,0.0,0
12607,100000.0,1,1,2,27,-1,-1,-1,-1,-1,-2,2927.0,831.0,1226.0,330.0,0.0,0.0,831.0,1226.0,330.0,0.0,0.0,0.0,1
25979,180000.0,2,4,1,44,0,0,0,0,0,2,151538.0,133924.0,136707.0,139438.0,143513.0,141119.0,6256.0,6434.0,6506.0,10813.0,0.0,5557.0,0
19133,210000.0,2,3,1,32,0,0,-1,0,0,0,1406.0,0.0,712.0,1025.0,4584.0,0.0,0.0,712.0,1000.0,4000.0,0.0,821.0,0
14741,160000.0,1,1,1,58,1,-2,-2,-2,-1,-1,0.0,0.0,0.0,0.0,4816.0,0.0,0.0,0.0,0.0,4816.0,0.0,0.0,0
12147,410000.0,1,2,1,45,-2,-2,-2,-2,-2,-2,597.0,2326.0,7670.0,1761.0,6930.0,0.0,2329.0,7670.0,1761.0,6930.0,0.0,2675.0,0
2745,240000.0,1,3,1,55,0,0,0,0,0,0,229254.0,232693.0,189095.0,190481.0,194215.0,198313.0,8737.0,7506.0,6501.0,6501.0,7001.0,17001.0,0
10115,50000.0,1,2,2,29,0,0,0,0,0,0,23236.0,19132.0,15138.0,14036.0,14752.0,15445.0,1660.0,1065.0,5000.0,5000.0,5000.0,2000.0,0
2384,60000.0,1,2,1,35,0,0,0,0,-1,-1,22226.0,18597.0,13801.0,8038.0,7340.0,-153.0,1292.0,2245.0,161.0,7340.0,0.0,20341.0,0
9154,210000.0,1,2,2,32,0,0,2,0,0,0,155913.0,165227.0,161427.0,164860.0,187329.0,186079.0,13000.0,0.0,5666.0,24886.0,6282.0,6494.0,0
1407,200000.0,2,1,2,26,-2,-2,-2,-2,-2,-2,2179.0,6440.0,3908.0,-5.0,1060.0,2996.0,6440.0,3908.0,5.0,1065.0,3000.0,1108.0,0
16561,70000.0,1,1,2,28,0,0,0,0,0,0,19728.0,16923.0,10076.0,33079.0,23188.0,20937.0,8000.0,2000.0,30000.0,5000.0,20000.0,25000.0,0
19362,210000.0,2,2,1,33,-1,-1,-1,-1,-1,-1,7655.0,1644.0,2258.0,8241.0,428.0,3537.0,1644.0,2261.0,11008.0,428.0,3537.0,0.0,0
10343,70000.0,2,2,1,53,0,0,-1,-1,-2,-2,24645.0,0.0,14000.0,0.0,0.0,0.0,0.0,14000.0,0.0,0.0,0.0,0.0,0
27757,50000.0,2,2,1,22,0,0,0,0,0,0,47718.0,48719.0,47725.0,46467.0,14767.0,15085.0,2106.0,2200.0,2000.0,1000.0,700.0,800.0,0
17615,80000.0,2,3,1,30,2,2,2,2,2,2,40654.0,41687.0,42719.0,43018.0,44013.0,45058.0,2000.0,2000.0,1300.0,2000.0,1900.0,1900.0,1
19907,100000.0,2,2,1,42,2,2,0,0,0,0,91534.0,88637.0,90169.0,84714.0,69482.0,70226.0,0.0,4458.0,2973.0,2606.0,2696.0,2695.0,1
24531,30000.0,1,1,2,36,-1,-1,-1,-2,-2,-2,1772.0,9619.0,-6.0,-6.0,-6.0,-6.0,9647.0,0.0,0.0,0.0,0.0,2011.0,0
27309,20000.0,1,3,2,33,1,2,2,2,2,2,16247.0,15689.0,18417.0,17802.0,19543.0,18442.0,0.0,3000.0,0.0,2000.0,0.0,1000.0,0
17789,140000.0,1,3,1,58,2,0,0,0,0,0,98985.0,98702.0,96753.0,94310.0,92182.0,88818.0,4520.0,4034.0,5050.0,6034.0,3202.0,5000.0,0
13076,50000.0,1,1,2,29,-1,-1,0,0,0,0,1162.0,37702.0,32617.0,28814.0,16478.0,25349.0,37719.0,1095.0,2000.0,10000.0,13352.0,10000.0,0
22090,60000.0,2,1,2,28,0,0,2,2,-1,-1,20729.0,14486.0,12163.0,8891.0,1723.0,40276.0,3016.0,1000.0,0.0,1723.0,40276.0,3000.0,0
28574,260000.0,2,4,2,30,-2,-2,-2,-2,-2,-2,5106.0,280.0,6158.0,9439.0,5492.0,397.0,280.0,6160.0,9439.0,5492.0,397.0,1790.0,0
20569,20000.0,1,2,2,28,2,2,0,0,0,0,17429.0,16849.0,17187.0,8585.0,8760.0,12000.0,0.0,1202.0,1000.0,175.0,3240.0,0.0,1
17891,170000.0,1,1,2,28,0,0,0,0,0,0,56061.0,57179.0,58450.0,58556.0,51671.0,51090.0,2051.0,2197.0,1934.0,1793.0,2500.0,2000.0,0
16838,170000.0,1,1,2,36,-1,-1,-1,-1,-1,-1,8433.0,644.0,7567.0,0.0,499.0,576.0,644.0,7567.0,0.0,499.0,576.0,0.0,0
6553,230000.0,2,3,2,30,0,0,0,0,0,0,1873.0,2778.0,4734.0,6642.0,8520.0,9869.0,1500.0,2000.0,2000.0,2000.0,1500.0,2000.0,1
19638,50000.0,2,3,1,49,2,0,0,0,-2,-2,48297.0,50487.0,51400.0,0.0,0.0,0.0,3000.0,2400.0,0.0,0.0,0.0,0.0,1
18295,150000.0,1,2,1,55,0,-1,-1,-1,0,0,1540.0,780.0,0.0,580.0,780.0,0.0,780.0,0.0,580.0,200.0,0.0,0.0,0
2877,60000.0,2,2,2,23,1,2,2,0,0,0,45014.0,45698.0,39068.0,51205.0,54520.0,55964.0,1774.0,0.0,12858.0,4166.0,2350.0,3300.0,0
2983,170000.0,2,1,2,30,-2,-2,-2,-2,-2,-2,3733.0,1958.0,5956.0,1836.0,3959.0,1285.0,1958.0,5956.0,1842.0,3959.0,1285.0,0.0,0
17411,30000.0,2,2,2,36,0,0,0,0,0,0,11896.0,12990.0,14073.0,15131.0,15579.0,16175.0,1600.0,1600.0,1600.0,1000.0,1000.0,1000.0,0
15163,300000.0,2,2,2,26,0,0,0,-1,0,0,29300.0,18988.0,6893.0,49379.0,49161.0,50646.0,1214.0,2000.0,49379.0,1500.0,2000.0,15000.0,0
2154,150000.0,1,1,2,25,0,0,0,0,0,-1,52952.0,95134.0,31578.0,26089.0,16624.0,5107.0,60086.0,2000.0,2000.0,5000.0,6000.0,9000.0,0
18701,70000.0,2,1,2,25,0,0,2,2,2,0,37017.0,39980.0,39063.0,41592.0,39101.0,40310.0,3900.0,0.0,3500.0,0.0,2000.0,1813.0,1
7668,20000.0,1,1,2,28,1,2,-1,0,0,0,10631.0,1512.0,20400.0,20000.0,20000.0,0.0,0.0,20400.0,0.0,0.0,0.0,0.0,0
15244,290000.0,2,2,2,34,0,0,0,0,0,0,58481.0,41773.0,40597.0,38441.0,37454.0,35484.0,2000.0,2000.0,2000.0,2000.0,2000.0,2000.0,0
16858,50000.0,1,1,2,36,0,0,0,0,0,0,49750.0,48854.0,47892.0,49439.0,48630.0,49160.0,2100.0,2000.0,2500.0,2413.0,2000.0,1987.0,0
13962,330000.0,2,1,1,34,0,0,-1,-1,0,0,21576.0,24226.0,15577.0,89851.0,86005.0,121319.0,5002.0,15579.0,89851.0,5000.0,50000.0,100000.0,0
218,80000.0,1,2,2,36,2,0,0,0,0,0,79278.0,78501.0,78534.0,80016.0,76235.0,78245.0,3100.0,3500.0,3400.0,3000.0,3500.0,3000.0,0
23288,130000.0,2,3,1,39,0,0,2,0,0,0,91982.0,99328.0,96898.0,97990.0,100160.0,102190.0,8900.0,0.0,3600.0,3800.0,3800.0,5000.0,1
2214,210000.0,1,2,2,25,0,0,-2,-1,0,0,13899.0,-9.0,-9.0,3231.0,125140.0,124880.0,0.0,0.0,3240.0,125009.0,5009.0,5013.0,0
6581,20000.0,1,1,2,25,0,0,0,0,0,0,20052.0,5328.0,18428.0,19709.0,19833.0,19376.0,1500.0,15000.0,2000.0,1000.0,900.0,1000.0,0
27603,400000.0,2,1,2,29,-2,-2,-2,-2,-2,-2,7622.0,38849.0,13586.0,19502.0,3809.0,4512.0,39097.0,13653.0,19617.0,3930.0,7021.0,24987.0,0
19377,500000.0,2,4,2,38,-2,-2,-2,-2,-2,-2,2252.0,2265.0,24667.0,40626.0,9255.0,8659.0,2265.0,24905.0,40827.0,30844.0,8695.0,3532.0,0
7540,360000.0,2,2,1,42,-1,-1,-1,-1,-2,-2,44380.0,968.0,990.0,390.0,390.0,3103.0,968.0,990.0,390.0,390.0,3103.0,0.0,0
14977,30000.0,2,3,1,58,2,2,2,2,2,2,26580.0,27652.0,27905.0,27158.0,29239.0,29791.0,1800.0,1000.0,0.0,2518.0,1185.0,1200.0,1
10129,130000.0,2,2,1,37,1,2,2,2,0,0,67612.0,65997.0,70604.0,68904.0,70369.0,71682.0,0.0,6300.0,0.0,2700.0,2600.0,2800.0,1
5706,80000.0,1,1,2,28,-2,-2,-2,-2,-2,-2,8598.0,9467.0,-270.0,3697.0,9455.0,4144.0,9467.0,0.0,3967.0,9455.0,5000.0,2900.0,1
5954,120000.0,2,1,2,27,1,-2,-2,-2,-2,-2,0.0,0.0,0.0,0.0,0.0,0.0,0.0,0.0,0.0,0.0,0.0,0.0,1
539,50000.0,2,1,2,52,0,0,0,-2,-1,-1,3257.0,4166.0,0.0,0.0,318.0,0.0,1000.0,0.0,0.0,318.0,0.0,0.0,0
21664,60000.0,2,1,2,24,0,0,0,0,0,0,22504.0,23547.0,24877.0,21465.0,21218.0,21300.0,1420.0,1750.0,1338.0,761.0,925.0,887.0,0
21568,30000.0,2,1,2,25,0,0,0,0,0,0,26376.0,27483.0,28242.0,16498.0,16923.0,17649.0,1550.0,1308.0,1300.0,700.0,1000.0,2000.0,0
28983,240000.0,2,1,2,33,0,0,0,0,0,0,99938.0,92104.0,85194.0,83021.0,78556.0,78495.0,3500.0,4200.0,3600.0,3000.0,3000.0,3000.0,0
7428,150000.0,1,1,2,32,0,0,2,2,2,0,52582.0,57496.0,55705.0,57210.0,57084.0,13194.0,6395.0,0.0,2100.0,222.0,1000.0,650.0,1
20726,450000.0,1,2,1,41,-2,-2,-2,-2,-2,-2,1068.0,1281.0,907.0,882.0,968.0,1243.0,1287.0,911.0,886.0,972.0,1249.0,1416.0,0
4182,150000.0,2,1,2,33,0,-1,-1,-1,-1,-1,74033.0,237.0,1420.0,1141.0,1067.0,1128.0,237.0,1426.0,1141.0,1067.0,1200.0,1150.0,0
18702,250000.0,2,2,2,25,0,0,0,0,0,3,25823.0,26114.0,27446.0,28371.0,4715.0,4358.0,1500.0,1575.0,1500.0,1000.0,0.0,0.0,0
15415,110000.0,2,3,1,63,-1,-1,-1,-1,-1,-1,390.0,390.0,390.0,390.0,780.0,0.0,390.0,390.0,390.0,780.0,0.0,390.0,1
12155,70000.0,2,1,1,35,4,4,3,2,0,0,77021.0,73268.0,70275.0,46045.0,42357.0,41026.0,0.0,2001.0,0.0,1666.0,1505.0,2079.0,0
580,30000.0,1,2,1,35,-2,-1,-1,-1,-1,-2,7797.0,2687.0,8762.0,3377.0,2000.0,0.0,2687.0,8765.0,3390.0,2040.0,0.0,0.0,0
2169,180000.0,1,2,1,35,1,2,0,0,0,0,32082.0,31293.0,31570.0,33370.0,33370.0,0.0,0.0,1400.0,2200.0,0.0,0.0,0.0,0
24420,260000.0,1,1,1,34,-2,-2,-2,-2,-2,-2,-40.0,-40.0,-40.0,8117.0,-8.0,-8.0,0.0,0.0,8157.0,0.0,0.0,1673.0,0
251,50000.0,2,2,2,26,1,2,2,0,0,0,50867.0,51486.0,48869.0,30115.0,29527.0,29998.0,1710.0,136.0,1206.0,2002.0,2005.0,3003.0,0
15693,80000.0,1,2,2,26,0,0,-1,-1,-1,-1,350.0,-40.0,70.0,180.0,-210.0,220.0,0.0,500.0,500.0,0.0,820.0,500.0,0
9972,50000.0,1,3,2,38,0,0,0,0,0,0,50174.0,32012.0,34274.0,38668.0,40416.0,20355.0,3000.0,3000.0,5000.0,2000.0,3000.0,1200.0,0
16181,400000.0,2,1,2,31,-1,-1,-1,-1,0,0,72551.0,8572.0,2190.0,12881.0,7497.0,11563.0,8657.0,2190.0,12881.0,0.0,4590.0,0.0,0
11490,360000.0,2,1,1,48,-1,-1,-1,-1,-1,-1,8243.0,10742.0,3300.0,0.0,1270.0,0.0,10752.0,3300.0,0.0,1270.0,0.0,889.0,0
9145,360000.0,1,2,1,31,1,-2,-2,-2,-2,-2,0.0,0.0,0.0,0.0,0.0,0.0,0.0,0.0,0.0,0.0,0.0,0.0,0
29433,130000.0,1,2,2,30,-1,2,2,2,-1,-1,780.0,780.0,390.0,0.0,780.0,0.0,390.0,0.0,0.0,780.0,0.0,0.0,0
25791,50000.0,2,2,2,38,-1,-1,-1,-1,-1,-1,390.0,390.0,390.0,390.0,390.0,390.0,390.0,390.0,390.0,390.0,390.0,390.0,0
5772,300000.0,1,2,1,40,-2,-2,-2,-2,-2,-2,15876.0,4347.0,0.0,2208.0,2475.0,7580.0,4347.0,0.0,2208.0,2475.0,7580.0,0.0,0
26747,220000.0,1,1,2,29,1,2,2,2,2,2,31012.0,30215.0,33117.0,32286.0,34320.0,33634.0,0.0,3400.0,0.0,2576.0,0.0,2671.0,1
2326,50000.0,1,3,2,52,0,0,0,0,0,0,47479.0,49344.0,19596.0,19194.0,19201.0,19199.0,29456.0,1300.0,675.0,694.0,704.0,798.0,0
15431,50000.0,1,1,1,24,0,0,0,0,0,0,47734.0,47025.0,48102.0,48612.0,49465.0,50299.0,1763.0,1840.0,1751.0,1717.0,1773.0,1845.0,0
431,90000.0,2,2,2,25,0,0,0,0,0,0,91894.0,71732.0,73241.0,74424.0,76070.0,77648.0,3200.0,3300.0,3000.0,3001.0,3000.0,3100.0,0
10769,500000.0,1,1,1,41,2,0,0,0,0,0,564757.0,572834.0,430774.0,437950.0,447203.0,456453.0,19850.0,17200.0,15853.0,17000.0,17000.0,15740.0,1
2533,180000.0,2,1,2,29,-1,0,0,0,0,0,36567.0,26613.0,26941.0,27705.0,21955.0,0.0,1682.0,1400.0,1554.0,0.0,0.0,0.0,0
2458,30000.0,2,2,1,44,-1,2,2,2,2,2,8347.0,9560.0,9258.0,11096.0,11165.0,10837.0,1500.0,0.0,2000.0,392.0,0.0,2000.0,0
19187,240000.0,2,2,2,38,-2,-2,-2,-2,-2,-2,34752.0,30073.0,24315.0,3724.0,28347.0,11280.0,30073.0,24315.0,3724.0,28347.0,11280.0,31266.0,0
27236,100000.0,1,1,2,31,1,2,2,0,0,2,20505.0,22553.0,21904.0,23531.0,24636.0,25592.0,2700.0,0.0,2000.0,1500.0,1500.0,0.0,0
22292,30000.0,2,3,1,32,0,0,0,2,0,0,27395.0,25947.0,30473.0,27940.0,28397.0,29009.0,2000.0,5303.0,0.0,1200.0,1200.0,1200.0,0
11213,130000.0,2,3,1,57,0,0,0,0,0,0,125824.0,80801.0,81929.0,41671.0,42034.0,32219.0,4000.0,4000.0,3000.0,2500.0,1500.0,2000.0,1
506,160000.0,1,1,2,35,-1,-1,-1,-1,-1,-1,396.0,396.0,396.0,0.0,792.0,1220.0,396.0,396.0,0.0,793.0,1220.0,0.0,0
23113,70000.0,2,2,2,30,0,0,2,0,0,0,10705.0,58825.0,53080.0,49153.0,47139.0,37610.0,50071.0,0.0,2000.0,2000.0,2000.0,2000.0,0
18780,140000.0,2,3,2,28,-1,-1,-1,-1,0,-1,800.0,7937.0,9920.0,7078.0,3936.0,1555.0,7937.0,10132.0,7084.0,4.0,1555.0,0.0,0
19083,70000.0,2,3,1,32,0,0,0,0,2,0,14180.0,10856.0,10822.0,13627.0,10852.0,12676.0,3000.0,2000.0,3000.0,0.0,2000.0,3000.0,1
17895,200000.0,1,2,2,27,2,0,0,0,0,0,189605.0,191628.0,180604.0,181273.0,180385.0,185370.0,14635.0,10019.0,8029.0,7010.0,10022.0,7049.0,1
19007,120000.0,2,2,2,30,-2,-2,-2,-2,-2,-2,2680.0,14770.0,7817.0,416.0,270.0,0.0,14770.0,7832.0,416.0,270.0,0.0,0.0,0
19691,390000.0,2,2,1,37,0,0,0,0,0,0,175363.0,164292.0,144731.0,145140.0,130727.0,131619.0,5551.0,5358.0,5500.0,5000.0,20000.0,10000.0,0
27094,190000.0,1,1,1,48,0,0,0,0,-2,-2,189158.0,150621.0,153900.0,0.0,0.0,0.0,6561.0,6900.0,0.0,0.0,0.0,0.0,0
23180,190000.0,2,2,1,34,1,-2,-2,-2,-2,-2,-18.0,-18.0,-18.0,-18.0,-18.0,-18.0,0.0,0.0,0.0,0.0,0.0,0.0,0
12627,80000.0,1,3,1,55,0,0,0,0,0,0,82567.0,84221.0,80041.0,19000.0,15178.0,14717.0,3121.0,8443.0,1582.0,548.0,531.0,479.0,0
3835,50000.0,2,3,1,25,2,2,0,0,0,0,31097.0,30322.0,31142.0,29391.0,30099.0,28041.0,0.0,1833.0,1000.0,1000.0,10000.0,10000.0,1
1331,150000.0,1,1,2,28,-2,-2,-2,-2,-2,-2,0.0,0.0,0.0,0.0,0.0,0.0,0.0,0.0,0.0,0.0,0.0,0.0,0
21467,120000.0,2,2,2,28,1,-2,-2,-2,-2,-2,0.0,0.0,0.0,0.0,0.0,0.0,0.0,0.0,0.0,0.0,0.0,0.0,1
23829,240000.0,2,1,1,51,-2,-2,-2,-1,-1,-1,4302.0,542.0,3934.0,6630.0,6817.0,7658.0,546.0,3953.0,6646.0,6865.0,7673.0,4208.0,0
2542,100000.0,2,1,1,35,2,0,0,2,2,2,47253.0,49489.0,53034.0,53568.0,54563.0,56013.0,3000.0,5000.0,2000.0,2000.0,2500.0,2300.0,1
28613,360000.0,2,3,2,39,1,-2,-2,-2,-2,-2,0.0,0.0,271.0,-1.0,560.0,0.0,0.0,271.0,0.0,561.0,0.0,0.0,0
21996,100000.0,2,2,2,27,0,0,0,0,0,0,42713.0,50270.0,22576.0,18247.0,22029.0,19540.0,10000.0,10000.0,1500.0,4000.0,5000.0,5000.0,0
11900,50000.0,2,3,2,25,0,0,0,0,0,0,6954.0,6032.0,6529.0,7533.0,7857.0,4424.0,2161.0,1000.0,1004.0,3004.0,1005.0,2006.0,0
25873,180000.0,2,2,2,33,-1,-1,-1,-1,-1,-1,4160.0,7817.0,2358.0,18572.0,11560.0,4298.0,7817.0,2358.0,18577.0,11560.0,4298.0,12330.0,0
26226,280000.0,2,2,2,39,0,0,0,0,0,0,123997.0,126272.0,126953.0,106551.0,99592.0,100607.0,5600.0,5400.0,5006.0,3250.0,3400.0,3500.0,0
15806,30000.0,2,3,1,23,0,0,2,0,0,0,27552.0,30686.0,29915.0,29994.0,27310.0,27778.0,3605.0,2.0,1731.0,1093.0,1026.0,1964.0,0
9556,240000.0,1,4,2,29,0,0,0,0,0,0,219419.0,151914.0,159320.0,148705.0,134563.0,195628.0,7000.0,10082.0,8095.0,7015.0,67006.0,7026.0,0
7568,210000.0,2,2,1,48,-1,-1,-1,-1,-1,0,11876.0,11876.0,11876.0,11876.0,18954.0,11876.0,11876.0,11876.0,11876.0,18954.0,5000.0,11876.0,0
3508,50000.0,2,2,1,36,0,0,0,0,0,0,44510.0,42564.0,38181.0,30805.0,28252.0,28783.0,3000.0,3000.0,3000.0,2000.0,2000.0,5000.0,0
8835,420000.0,2,1,1,45,1,-1,-1,-1,-1,-1,-34.0,10321.0,6244.0,2970.0,3608.0,3019.0,2686.0,6500.0,3004.0,3797.0,3103.0,4302.0,0
18785,230000.0,2,2,2,26,-1,-1,0,0,0,-1,18612.0,90523.0,86813.0,35695.0,5555.0,15165.0,90523.0,10000.0,5170.0,5000.0,15165.0,8981.0,0
29858,50000.0,1,2,1,47,0,0,0,0,0,0,11325.0,12335.0,13431.0,14439.0,14602.0,14918.0,1504.0,1600.0,1537.0,700.0,700.0,600.0,0
23588,160000.0,2,1,2,39,-2,-2,-2,-2,-2,-2,0.0,300.0,0.0,0.0,821.0,0.0,300.0,0.0,0.0,821.0,0.0,0.0,0
28268,230000.0,2,2,1,43,0,0,0,0,0,0,7075.0,7806.0,8392.0,8967.0,8729.0,10816.0,1279.0,1295.0,1300.0,468.0,2816.0,5893.0,0
5845,180000.0,2,1,2,27,0,0,2,0,0,0,99137.0,119635.0,115839.0,105643.0,119358.0,116097.0,22500.0,121.0,10000.0,20000.0,25000.0,0.0,0
26477,380000.0,2,3,2,51,-1,-1,0,-1,0,-1,43715.0,60718.0,21814.0,47964.0,33405.0,2981.0,60718.0,2200.0,48000.0,0.0,2981.0,35500.0,0
24199,140000.0,1,1,2,30,-1,-1,-1,2,2,-1,1800.0,1885.0,4158.0,2021.0,-372.0,628.0,1885.0,4158.0,0.0,0.0,2000.0,0.0,0
28882,60000.0,2,3,1,39,1,2,0,0,2,0,31011.0,29565.0,31123.0,34134.0,23552.0,24020.0,0.0,3000.0,3638.0,0.0,1000.0,3000.0,0
4846,170000.0,1,2,2,34,-1,-1,-1,-1,-1,-1,2806.0,326.0,676.0,326.0,326.0,326.0,652.0,676.0,326.0,326.0,326.0,1722.0,1
4986,150000.0,2,1,2,26,2,2,2,2,2,2,75373.0,76865.0,78214.0,76363.0,79893.0,48052.0,3300.0,3200.0,0.0,5137.0,0.0,2200.0,1
23400,240000.0,2,3,2,35,-2,-2,-2,-2,-2,-2,0.0,0.0,0.0,0.0,0.0,0.0,0.0,0.0,0.0,0.0,0.0,0.0,1
25570,130000.0,2,3,1,43,2,3,2,2,2,2,19690.0,19085.0,18491.0,20579.0,19950.0,21625.0,0.0,0.0,2400.0,0.0,2000.0,0.0,1
20263,50000.0,2,2,2,51,0,0,0,0,0,0,24202.0,23664.0,21780.0,22722.0,21907.0,2917.0,1340.0,1402.0,1344.0,1002.0,58.0,29.0,0
20857,200000.0,1,2,1,38,0,0,0,-2,-2,-2,7400.0,2872.0,212.0,2387.0,0.0,-2620.0,1005.0,220.0,2387.0,0.0,0.0,3380.0,0
26823,120000.0,1,2,1,29,-1,-1,2,-1,0,0,579.0,2718.0,1280.0,3783.0,2522.0,1261.0,3580.0,0.0,3822.0,0.0,0.0,1261.0,0
9318,150000.0,1,3,1,46,0,0,0,0,0,0,96396.0,98366.0,99456.0,79956.0,78154.0,76634.0,4073.0,3404.0,2722.0,54788.0,2770.0,2798.0,0
25507,210000.0,2,2,2,27,0,0,0,0,0,0,83381.0,85097.0,86928.0,89471.0,91282.0,93309.0,3100.0,3200.0,4000.0,3300.0,3500.0,3500.0,0
14848,500000.0,2,2,1,48,0,0,0,0,0,0,39734.0,149570.0,137549.0,130893.0,108030.0,144938.0,117243.0,4500.0,4500.0,5000.0,50000.0,4578.0,0
7843,120000.0,2,1,2,25,1,-2,-2,-2,-2,-2,0.0,0.0,0.0,0.0,0.0,0.0,0.0,0.0,0.0,0.0,0.0,0.0,1
28648,200000.0,2,3,1,44,-2,-2,-2,-2,-2,-2,390.0,390.0,390.0,390.0,390.0,390.0,390.0,390.0,390.0,390.0,390.0,540.0,0
29985,30000.0,1,2,2,38,-1,-1,-2,-1,-1,-1,315.0,923.0,2939.0,1993.0,1907.0,3319.0,923.0,2977.0,1999.0,3057.0,3319.0,1000.0,0
13049,40000.0,1,3,2,24,2,0,0,0,0,0,39149.0,39189.0,40543.0,38922.0,39901.0,40746.0,1658.0,2012.0,1392.0,1605.0,1668.0,1201.0,1
25100,360000.0,1,5,1,50,1,-2,-2,-2,-2,-2,4767.0,-233.0,-233.0,-233.0,-233.0,-233.0,0.0,0.0,0.0,0.0,0.0,0.0,0
14857,210000.0,2,2,1,35,-1,-1,-1,-1,-1,-1,1338.0,1508.0,1409.0,1549.0,2454.0,946.0,1508.0,1409.0,1549.0,2454.0,946.0,1525.0,0
25014,480000.0,1,1,1,49,-2,-2,-2,-2,-2,-2,63701.0,-220.0,38929.0,339176.0,33146.0,37337.0,0.0,39149.0,344261.0,33312.0,37511.0,31383.0,0
10740,270000.0,1,2,1,48,2,2,2,0,0,0,53624.0,67736.0,63082.0,73568.0,77642.0,73452.0,15018.0,0.0,20000.0,5000.0,10000.0,0.0,1
16095,160000.0,2,2,2,42,1,2,2,0,0,0,152699.0,152630.0,95758.0,97251.0,98010.0,99669.0,4462.0,0.0,4385.0,3639.0,3762.0,3800.0,1
2209,80000.0,1,1,1,45,1,-2,-1,-1,-1,-1,-50.0,-440.0,170.0,-220.0,390.0,0.0,0.0,1000.0,0.0,1000.0,0.0,780.0,0
18841,190000.0,2,2,2,27,2,2,2,2,0,0,3902.0,4686.0,5459.0,6214.0,7104.0,8973.0,1000.0,1000.0,1000.0,1000.0,2000.0,2000.0,1
28273,20000.0,2,3,2,31,-2,-2,-1,0,0,-1,-885.0,-885.0,18354.0,19064.0,19422.0,4390.0,20.0,21431.0,2300.0,558.0,4403.0,0.0,0
22373,180000.0,2,1,2,27,0,0,0,0,0,0,101489.0,78738.0,78639.0,44295.0,44113.0,37805.0,10006.0,8000.0,1610.0,10000.0,1333.0,8818.0,0
2267,360000.0,1,2,1,39,0,0,0,0,0,0,23690.0,67560.0,26649.0,15830.0,20025.0,21404.0,60284.0,16079.0,5024.0,9032.0,8035.0,12073.0,0
5227,50000.0,2,2,2,50,0,0,-2,-2,-2,-2,20800.0,0.0,0.0,0.0,0.0,0.0,0.0,0.0,0.0,0.0,0.0,0.0,0
28302,60000.0,2,3,1,34,2,2,2,4,3,3,6731.0,7777.0,9502.0,9217.0,9722.0,9291.0,1300.0,2000.0,0.0,800.0,0.0,0.0,0
21579,70000.0,2,1,2,25,-1,-1,-1,-1,-2,-1,1288.0,0.0,1999.0,0.0,0.0,842.0,0.0,1999.0,0.0,0.0,842.0,0.0,0
20123,240000.0,2,2,1,32,0,0,0,0,0,0,199789.0,203156.0,201267.0,182484.0,182478.0,175394.0,9000.0,9319.0,6200.0,5894.0,5100.0,6300.0,0
17893,60000.0,1,1,2,29,-1,-1,2,0,-1,-1,816.0,2440.0,1444.0,1634.0,1335.0,1825.0,2440.0,0.0,1000.0,1335.0,888.0,150.0,0
20928,50000.0,1,1,1,33,0,0,2,0,0,0,40505.0,46745.0,45727.0,45515.0,45470.0,4220.0,6930.0,0.0,1200.0,155.0,3000.0,0.0,0
13023,180000.0,1,2,1,41,-1,-1,-1,-1,-1,-1,859.0,1811.0,1335.0,366.0,1811.0,1828.0,1811.0,1335.0,366.0,1811.0,1828.0,366.0,1
20737,20000.0,1,1,2,22,1,2,0,0,0,0,10591.0,10277.0,11304.0,12311.0,12410.0,13358.0,0.0,1500.0,1500.0,600.0,1300.0,0.0,0
27367,390000.0,1,1,2,28,0,0,0,0,0,0,18891.0,19521.0,28868.0,29661.0,21907.0,8205.0,6000.0,10000.0,2000.0,15000.0,5000.0,2000.0,0
11741,20000.0,1,2,2,36,0,0,-2,-2,-2,-2,18400.0,0.0,0.0,0.0,0.0,0.0,0.0,0.0,0.0,0.0,0.0,0.0,1
6548,150000.0,2,2,1,36,0,0,0,0,-1,-1,70001.0,45813.0,44309.0,27428.0,2013.0,4724.0,2500.0,1200.0,2618.0,2013.0,4724.0,0.0,0
3283,110000.0,2,3,1,52,1,-2,-1,-1,-2,-2,0.0,0.0,1000.0,0.0,0.0,0.0,0.0,1000.0,0.0,0.0,0.0,0.0,0
15615,100000.0,2,1,2,30,2,2,2,2,0,0,92162.0,93769.0,95163.0,74656.0,65718.0,78474.0,3800.0,3420.0,80.0,1800.0,17000.0,2000.0,0
23662,210000.0,2,1,1,39,-1,-1,-1,-1,-1,-1,5907.0,2615.0,1220.0,5357.0,4160.0,0.0,2637.0,1220.0,5357.0,4160.0,0.0,0.0,0
2277,210000.0,1,1,1,40,-1,-1,-1,-1,-1,-1,6223.0,8143.0,3712.0,3091.0,90817.0,308.0,8146.0,3719.0,3091.0,90817.0,308.0,3369.0,0
26051,160000.0,2,2,1,49,-1,-1,2,0,0,2,16982.0,21353.0,20723.0,21873.0,25999.0,26377.0,4980.0,0.0,1500.0,4520.0,939.0,0.0,0
12355,50000.0,1,3,2,54,0,0,0,0,0,0,43099.0,44233.0,35147.0,12236.0,11013.0,11388.0,2212.0,2126.0,415.0,401.0,559.0,554.0,0
16486,240000.0,2,3,1,55,0,0,0,0,0,0,216170.0,218809.0,226013.0,229014.0,178852.0,182547.0,8000.0,11000.0,9000.0,7000.0,7000.0,7200.0,0
19536,270000.0,2,1,2,30,0,0,0,0,0,0,81488.0,76257.0,70685.0,66539.0,61069.0,56211.0,3000.0,5000.0,3000.0,2200.0,2100.0,3879.0,0
18674,50000.0,2,2,2,22,0,0,0,0,0,0,28544.0,28681.0,23306.0,16282.0,9451.0,9408.0,1450.0,1400.0,1300.0,400.0,400.0,400.0,0
8697,50000.0,1,3,1,43,2,2,2,0,0,0,10413.0,12923.0,12030.0,12650.0,13405.0,13793.0,3000.0,0.0,1500.0,1500.0,1000.0,1500.0,0
22565,360000.0,2,1,2,31,-2,-2,-2,-2,-2,-2,3429.0,33535.0,2441.0,5681.0,65816.0,17577.0,33702.0,2453.0,5710.0,66145.0,17589.0,8050.0,0
16380,30000.0,2,3,1,46,1,2,2,2,2,2,29201.0,30406.0,31295.0,29929.0,27744.0,28117.0,2000.0,1700.0,954.0,0.0,2253.0,1106.0,1
25295,80000.0,2,2,2,24,0,0,0,-1,0,-1,19167.0,10192.0,7241.0,3261.0,6264.0,891.0,3000.0,2005.0,3261.0,3003.0,891.0,2070.0,0
28681,180000.0,2,1,2,30,0,0,0,0,0,-2,7808.0,4511.0,3435.0,5345.0,2018.0,164.0,1198.0,1099.0,2009.0,2024.0,164.0,2159.0,0
24992,340000.0,1,2,1,40,0,0,0,0,0,0,147943.0,144543.0,146603.0,149519.0,151697.0,154499.0,5169.0,5333.0,5366.0,5550.0,7000.0,915.0,0
29670,110000.0,1,1,2,39,0,0,0,0,-2,-2,18310.0,19327.0,20650.0,0.0,0.0,0.0,1327.0,1650.0,0.0,0.0,0.0,0.0,0
5837,90000.0,2,2,3,36,0,0,0,0,0,0,91458.0,91049.0,70101.0,28942.0,27508.0,28250.0,3137.0,5094.0,1106.0,1001.0,1201.0,1074.0,0
10236,160000.0,1,3,1,62,0,0,0,0,0,-2,37615.0,38707.0,40460.0,41149.0,-1.0,-1.0,1700.0,2400.0,2000.0,0.0,0.0,0.0,0
22825,290000.0,2,1,2,31,0,0,0,0,0,0,82939.0,82814.0,71541.0,59493.0,67821.0,71546.0,5017.0,4033.0,2828.0,10000.0,5000.0,3000.0,0
280,250000.0,2,2,1,31,0,0,0,0,0,0,103109.0,102594.0,97109.0,99029.0,100871.0,101299.0,4000.0,4500.0,5000.0,4000.0,5000.0,4400.0,0
22377,60000.0,2,2,2,27,1,2,2,2,2,2,5087.0,7236.0,8104.0,7825.0,8580.0,8300.0,2410.0,1131.0,0.0,886.0,0.0,332.0,0
25274,30000.0,2,2,2,22,0,0,0,0,0,0,29449.0,30308.0,26186.0,27698.0,28987.0,29568.0,1402.0,2000.0,2000.0,2000.0,2500.0,2000.0,0
5161,500000.0,1,2,2,32,-1,-1,-1,-1,0,-1,10339.0,6405.0,-4617.0,16879.0,5195.0,290.0,6405.0,99.0,22480.0,0.0,580.0,36753.0,0
29753,200000.0,1,1,2,39,1,-2,-2,-2,-2,-2,0.0,0.0,0.0,0.0,0.0,0.0,0.0,0.0,0.0,0.0,0.0,0.0,0
3691,180000.0,1,1,2,29,1,-1,-1,-1,-1,-1,0.0,100000.0,0.0,7632.0,0.0,6071.0,100000.0,0.0,7632.0,0.0,6071.0,0.0,0
5916,110000.0,2,1,1,41,2,2,7,7,7,7,150.0,150.0,150.0,150.0,150.0,150.0,0.0,0.0,0.0,0.0,0.0,0.0,0
11579,280000.0,2,2,1,30,0,0,0,0,0,0,71770.0,74066.0,75907.0,77723.0,79550.0,81801.0,4000.0,3000.0,3000.0,3000.0,3500.0,4000.0,1
18079,450000.0,1,1,2,34,0,0,0,0,0,0,260733.0,228515.0,232762.0,208005.0,194608.0,201044.0,20255.0,50171.0,7096.0,6604.0,10012.0,10000.0,0
19537,30000.0,2,3,1,44,2,0,0,0,0,0,26627.0,27631.0,29179.0,30146.0,26371.0,27567.0,1452.0,2000.0,1500.0,933.0,2000.0,3000.0,1
26024,140000.0,2,2,1,40,0,0,0,0,0,0,98221.0,97548.0,98457.0,102811.0,104605.0,106917.0,3600.0,5000.0,6000.0,5000.0,4000.0,10000.0,0
29720,20000.0,1,3,1,34,0,0,0,0,0,0,17692.0,17293.0,16803.0,16525.0,16185.0,-2623.0,2000.0,2004.0,1500.0,1500.0,0.0,19500.0,0
21740,50000.0,2,3,2,24,2,0,0,0,0,0,57396.0,58941.0,60630.0,53662.0,20229.0,19044.0,2500.0,3000.0,5064.0,1000.0,840.0,1000.0,1
25744,240000.0,2,1,2,31,2,0,0,0,0,0,179483.0,183151.0,185490.0,189351.0,193115.0,197445.0,8151.0,6790.0,6951.0,6915.0,7445.0,7248.0,1
20553,200000.0,1,1,2,28,-2,-2,-2,-2,-2,-2,2626.0,15912.0,1677.0,315.0,3042.0,374.0,15954.0,1677.0,315.0,3042.0,374.0,4500.0,0
11703,200000.0,1,3,1,45,0,0,0,0,0,0,97933.0,78409.0,58998.0,60219.0,61748.0,64220.0,3200.0,2200.0,2200.0,2500.0,3500.0,90000.0,0
11515,200000.0,1,2,1,34,0,0,0,0,0,0,135654.0,173946.0,176894.0,170754.0,172332.0,175960.0,66022.0,6101.0,5898.0,6053.0,6288.0,8000.0,0
9007,150000.0,1,2,1,35,2,2,2,2,2,2,144194.0,145889.0,146189.0,146838.0,148754.0,150746.0,6600.0,5300.0,5600.0,5500.0,5700.0,5500.0,1
11743,30000.0,2,2,2,23,0,0,0,0,0,0,27141.0,25125.0,27835.0,24743.0,28020.0,25607.0,3000.0,5000.0,1000.0,20000.0,3000.0,8000.0,0
28262,20000.0,2,2,1,42,2,3,2,2,2,2,18162.0,18464.0,19465.0,19649.0,19978.0,20512.0,900.0,1600.0,800.0,950.0,1000.0,800.0,1
16470,30000.0,2,3,1,53,2,2,2,2,2,2,17585.0,18598.0,19379.0,19762.0,20141.0,19680.0,1600.0,1379.0,1000.0,1000.0,0.0,1700.0,1
13677,100000.0,2,1,2,24,2,0,0,0,0,0,76831.0,72100.0,66575.0,68499.0,69584.0,71247.0,4037.0,3000.0,3000.0,3000.0,3000.0,2600.0,0
20164,50000.0,2,2,2,42,5,4,3,2,0,0,20235.0,19635.0,19045.0,18300.0,17900.0,17900.0,0.0,0.0,0.0,0.0,0.0,0.0,1
16786,60000.0,1,1,2,29,1,2,2,0,0,2,43434.0,44522.0,43222.0,43588.0,46564.0,47369.0,2100.0,0.0,1708.0,4000.0,2000.0,1903.0,1
29323,40000.0,1,2,2,27,1,3,2,2,3,2,40933.0,39630.0,40340.0,42332.0,41023.0,42722.0,0.0,2000.0,3304.0,0.0,3000.0,1200.0,0
15694,360000.0,1,1,2,29,0,0,0,0,0,0,109997.0,205119.0,209680.0,213527.0,174907.0,126309.0,100000.0,8270.0,8423.0,6753.0,5139.0,5000.0,0
17336,500000.0,2,3,1,36,-2,-2,-2,-2,-2,-2,27866.0,1062.0,27610.0,18133.0,2506.0,169233.0,1062.0,27648.0,25012.0,2506.0,169233.0,11952.0,0
3736,80000.0,1,2,2,33,1,2,0,0,0,0,19073.0,16106.0,57525.0,54990.0,52458.0,54093.0,3895.0,50000.0,2000.0,2000.0,2344.0,1235.0,0
25485,70000.0,2,3,2,31,2,0,0,0,0,0,68174.0,68973.0,69835.0,66216.0,30000.0,30096.0,3200.0,3013.0,2141.0,1200.0,1300.0,1300.0,1
3644,220000.0,2,2,1,34,-1,-1,-1,-1,-1,-1,51565.0,15683.0,1381.0,3300.0,2452.0,2728.0,15683.0,1381.0,3300.0,2452.0,2728.0,0.0,1
7199,20000.0,1,1,1,53,0,0,0,0,0,0,13605.0,14629.0,15640.0,15950.0,16130.0,17011.0,1249.0,1260.0,570.0,436.0,1150.0,1000.0,0
25366,250000.0,2,2,1,25,0,0,0,0,0,0,13358.0,19102.0,23681.0,20869.0,25490.0,31258.0,6000.0,5000.0,4000.0,5000.0,6000.0,5000.0,0
24937,310000.0,1,1,1,39,-1,-1,-1,-1,-1,-1,16577.0,1361.0,2716.0,824.0,757.0,842.0,1361.0,3146.0,824.0,757.0,842.0,13436.0,0
21306,20000.0,1,3,1,60,1,2,0,0,0,0,17495.0,16917.0,17922.0,18201.0,18566.0,19284.0,0.0,1287.0,2000.0,648.0,1000.0,1000.0,0
29366,50000.0,1,2,2,24,0,0,0,0,0,0,10912.0,10401.0,20916.0,20658.0,9426.0,8215.0,2152.0,1209.0,1080.0,438.0,434.0,390.0,0
21524,20000.0,2,2,2,22,-1,3,2,2,0,0,18021.0,17439.0,17466.0,17846.0,18310.0,18923.0,0.0,600.0,1000.0,1000.0,1000.0,700.0,1
21719,120000.0,2,2,2,26,0,0,0,0,0,2,87151.0,88304.0,89657.0,41720.0,29022.0,28422.0,3500.0,3103.0,1800.0,2381.0,0.0,1100.0,0
1838,290000.0,2,2,1,40,0,0,0,0,0,0,274558.0,256910.0,229566.0,148812.0,53157.0,47998.0,10700.0,11014.0,5800.0,1820.0,2000.0,2000.0,1
29916,10000.0,1,2,2,32,2,0,0,0,0,0,9299.0,9576.0,9028.0,9644.0,9790.0,9990.0,1132.0,1384.0,1000.0,196.0,200.0,0.0,0
10985,260000.0,1,2,1,45,-1,-1,-2,-2,-2,-2,3814.0,2688.0,500.0,2870.0,1141.0,679.0,2861.0,500.0,2870.0,1141.0,679.0,0.0,0
9304,500000.0,1,2,2,32,-2,-2,-2,-2,-2,-2,71731.0,75357.0,62407.0,63706.0,59452.0,47868.0,25487.0,80389.0,50132.0,22208.0,30167.0,25036.0,0
12800,80000.0,1,2,2,26,0,0,0,0,-1,-1,68194.0,24956.0,22145.0,33675.0,3047.0,77511.0,2000.0,3000.0,18000.0,3047.0,77511.0,4000.0,0
1458,500000.0,1,2,1,42,1,-1,2,2,0,0,-984.0,3516.0,1924.0,1924.0,8924.0,6729.0,4500.0,0.0,0.0,7000.0,36.0,532.0,1
1093,210000.0,1,3,1,29,1,2,0,0,0,0,198510.0,194040.0,199393.0,194538.0,195990.0,194136.0,0.0,10000.0,7000.0,8000.0,8000.0,7200.0,0
4150,130000.0,1,3,1,44,0,0,-2,-2,-2,-2,15722.0,0.0,0.0,0.0,0.0,0.0,0.0,0.0,0.0,0.0,0.0,0.0,0
11009,70000.0,1,1,1,40,1,2,2,2,2,2,12026.0,13531.0,13017.0,14299.0,13927.0,15692.0,2000.0,0.0,1500.0,0.0,2000.0,0.0,0
27069,60000.0,1,2,1,35,2,0,0,0,2,2,9501.0,10560.0,11312.0,13050.0,12578.0,14008.0,1500.0,1200.0,1900.0,0.0,1600.0,0.0,1
9190,20000.0,2,3,1,35,0,0,2,2,0,0,15791.0,18218.0,18621.0,18024.0,18434.0,19826.0,3000.0,1000.0,0.0,700.0,1700.0,0.0,1
4933,50000.0,1,2,2,38,0,0,0,0,0,0,51047.0,49761.0,50712.0,50441.0,50919.0,50604.0,1849.0,1800.0,1788.0,1993.0,2069.0,2500.0,0
14466,20000.0,1,2,2,38,2,-1,-1,-1,-1,-1,1442.0,1261.0,390.0,390.0,390.0,930.0,1261.0,390.0,390.0,390.0,930.0,0.0,0
4557,150000.0,1,1,1,33,1,-2,-2,-2,-2,-2,0.0,0.0,0.0,0.0,0.0,0.0,0.0,0.0,0.0,0.0,0.0,0.0,0
11489,70000.0,2,1,2,33,0,0,0,0,0,0,39416.0,40784.0,42791.0,43797.0,44938.0,47177.0,2000.0,3000.0,1718.0,2000.0,3000.0,1630.0,0
12075,70000.0,1,2,1,39,0,0,0,0,0,0,6056.0,7292.0,8663.0,9018.0,9222.0,9568.0,1500.0,1500.0,500.0,500.0,500.0,1000.0,0
25102,150000.0,1,1,1,51,0,0,0,0,0,0,149640.0,146178.0,133811.0,122606.0,107726.0,1200.0,6000.0,3857.0,12000.0,20000.0,0.0,14500.0,0
16798,110000.0,1,2,2,32,0,0,0,0,0,-2,42015.0,38897.0,29059.0,20799.0,-1961.0,-1961.0,1575.0,1377.0,1007.0,0.0,0.0,66296.0,0
20071,200000.0,2,1,2,31,0,0,0,0,0,0,68244.0,65243.0,61590.0,47301.0,47232.0,25231.0,6018.0,2507.0,2011.0,4140.0,5072.0,500.0,0
14419,20000.0,2,2,1,40,2,2,4,3,2,0,17761.0,21152.0,20508.0,19933.0,19517.0,20235.0,4000.0,0.0,0.0,0.0,1000.0,3000.0,0
28246,80000.0,2,2,2,32,1,2,0,0,0,0,113740.0,97093.0,85266.0,85871.0,47367.0,47812.0,0.0,3448.0,2383.0,1609.0,2000.0,2000.0,1
25390,410000.0,2,1,2,28,0,0,0,0,-2,-1,210866.0,109320.0,11546.0,858.0,0.0,1117.0,2444.0,3056.0,968.0,0.0,1117.0,0.0,0
24997,80000.0,1,2,1,47,2,2,2,0,0,2,68250.0,73424.0,71691.0,72507.0,76841.0,74336.0,6325.0,0.0,2612.0,5520.0,0.0,2998.0,1
17279,50000.0,2,2,1,34,2,2,2,2,2,2,43664.0,44654.0,45650.0,46320.0,45290.0,48322.0,2000.0,2000.0,1700.0,0.0,3760.0,1700.0,0
6482,50000.0,1,1,1,23,1,-2,-2,-2,-2,-2,0.0,0.0,0.0,0.0,0.0,0.0,0.0,0.0,0.0,0.0,0.0,0.0,0
8021,30000.0,2,2,1,45,0,0,0,0,0,0,30488.0,30900.0,30480.0,31124.0,29333.0,30177.0,1600.0,1500.0,1100.0,1053.0,1320.0,967.0,1
9101,20000.0,1,2,2,39,0,0,0,0,0,0,15972.0,16432.0,17618.0,17365.0,17719.0,17740.0,1500.0,1600.0,347.0,354.0,355.0,0.0,1
17477,80000.0,2,1,1,44,-1,-1,-1,-1,-1,-1,14686.0,3673.0,11285.0,500.0,500.0,6155.0,3673.0,11285.0,500.0,500.0,6155.0,1440.0,0
8590,160000.0,2,1,2,42,-2,-2,-2,-2,-2,-2,0.0,0.0,0.0,0.0,741.0,0.0,0.0,0.0,0.0,741.0,0.0,0.0,0
29162,10000.0,2,3,2,53,2,2,2,2,0,0,9917.0,6615.0,8355.0,8000.0,9000.0,10000.0,3400.0,2000.0,0.0,1000.0,1000.0,9000.0,1
24516,140000.0,1,2,2,41,-2,-2,-1,-1,-2,-2,-10.0,-10.0,1066.0,0.0,0.0,0.0,0.0,1076.0,0.0,0.0,0.0,0.0,0
27275,60000.0,1,1,2,28,0,0,0,2,0,0,59114.0,59350.0,62130.0,56391.0,39083.0,39122.0,2800.0,4905.0,10.0,1600.0,1600.0,1600.0,0
23873,230000.0,1,2,2,30,-1,0,-1,0,0,0,9125.0,7795.0,191795.0,192255.0,187755.0,187740.0,4000.0,191795.0,10000.0,8000.0,8000.0,8000.0,0
29364,390000.0,1,2,2,29,-1,-1,-1,0,0,-2,6664.0,6931.0,5985.0,7151.0,-200.0,-200.0,6931.0,5985.0,7000.0,0.0,0.0,0.0,0
1504,50000.0,1,3,1,54,0,0,0,-1,-1,0,50356.0,48981.0,47942.0,1261.0,17147.0,16609.0,2000.0,1120.0,1300.0,17147.0,1000.0,1000.0,0
9937,50000.0,1,3,1,48,0,0,0,0,0,0,10420.0,8451.0,9641.0,9468.0,9294.0,9263.0,1310.0,1500.0,500.0,500.0,500.0,200.0,0
10940,260000.0,2,2,2,29,0,0,0,0,0,0,56380.0,40882.0,214941.0,196242.0,193177.0,161731.0,4121.0,196000.0,6020.0,6330.0,6032.0,5000.0,0
20295,140000.0,2,2,1,52,-1,-1,-1,-1,-1,-1,850.0,12340.0,14910.0,44967.0,11669.0,5169.0,12340.0,14910.0,44967.0,11669.0,5169.0,17953.0,0
3950,130000.0,1,2,1,42,-1,-1,-1,-1,-1,-1,1048.0,1048.0,1048.0,1048.0,390.0,390.0,1048.0,1048.0,1048.0,390.0,390.0,390.0,0
6439,110000.0,2,2,3,54,-1,-1,-1,-1,-1,2,316.0,316.0,632.0,150.0,632.0,166.0,316.0,632.0,150.0,632.0,0.0,0.0,0
13620,80000.0,1,1,1,25,0,0,2,2,0,0,48470.0,52374.0,52889.0,51520.0,50741.0,50322.0,4700.0,2000.0,0.0,1800.0,1850.0,1800.0,1
14304,20000.0,1,2,1,27,0,0,0,3,2,0,6599.0,9315.0,19067.0,18472.0,18037.0,18487.0,3000.0,10000.0,0.0,0.0,900.0,2000.0,0
22094,80000.0,2,1,2,28,1,-2,-2,-2,-2,-2,0.0,0.0,0.0,0.0,0.0,0.0,0.0,0.0,0.0,0.0,0.0,0.0,1
15949,120000.0,2,2,2,30,0,0,0,0,0,0,110612.0,114323.0,116835.0,118053.0,119047.0,119641.0,5555.0,5847.0,5800.0,4445.0,4700.0,4500.0,0
28190,50000.0,2,2,1,48,0,0,0,0,0,0,44324.0,43053.0,44016.0,15386.0,31401.0,16573.0,2000.0,1880.0,2000.0,1000.0,2000.0,1500.0,0
13065,30000.0,2,2,2,23,0,0,0,0,2,0,22517.0,24148.0,25437.0,28391.0,27801.0,28684.0,2000.0,2000.0,3700.0,0.0,1500.0,1500.0,0
13251,180000.0,1,1,2,28,0,-1,2,0,0,0,2569.0,2834.0,394.0,904.0,2514.0,4054.0,2834.0,0.0,900.0,2000.0,4000.0,2000.0,0
29167,30000.0,2,3,1,53,0,0,0,0,0,0,8615.0,9960.0,11492.0,12391.0,12891.0,9069.0,1500.0,1700.0,1500.0,500.0,1000.0,0.0,0
7744,20000.0,2,2,1,42,3,2,2,2,2,2,18464.0,19465.0,19649.0,19978.0,20512.0,20831.0,1600.0,800.0,950.0,1000.0,800.0,0.0,1
26227,100000.0,2,2,1,29,-2,-2,-2,-2,-2,-2,0.0,0.0,0.0,0.0,0.0,0.0,0.0,0.0,0.0,0.0,0.0,0.0,0
7756,60000.0,2,2,2,29,-1,2,2,-1,2,2,4603.0,4186.0,0.0,1887.0,1543.0,3972.0,0.0,0.0,1887.0,0.0,3557.0,0.0,0
1413,30000.0,1,2,1,38,-1,-1,-1,-1,-1,-1,184.0,1522.0,0.0,5480.0,175.0,-2000.0,1522.0,0.0,5480.0,175.0,0.0,2000.0,0
6529,90000.0,2,5,2,23,0,0,0,0,0,0,40145.0,41194.0,42197.0,42726.0,43802.0,42761.0,2000.0,2000.0,1502.0,1737.0,1500.0,5050.0,1
1123,50000.0,1,2,2,26,0,0,0,0,0,0,48221.0,49629.0,48868.0,49668.0,49780.0,49980.0,2571.0,1200.0,1000.0,40000.0,1000.0,0.0,0
16334,60000.0,2,2,1,36,0,0,0,0,0,0,60299.0,44659.0,44291.0,41241.0,29534.0,29297.0,2000.0,3042.0,1433.0,1012.0,1029.0,1074.0,1
5246,240000.0,2,2,1,34,-2,-2,-2,-2,-2,-2,6170.0,0.0,0.0,0.0,0.0,0.0,0.0,0.0,0.0,0.0,0.0,0.0,0
12153,20000.0,2,2,2,24,0,0,0,0,0,0,2004.0,3193.0,4050.0,4129.0,4367.0,4613.0,1211.0,1068.0,147.0,304.0,467.0,0.0,1
19641,60000.0,2,1,2,32,1,2,0,0,0,2,17992.0,17405.0,18619.0,19636.0,20326.0,21534.0,0.0,1500.0,1328.0,1018.0,1687.0,778.0,1
25208,30000.0,2,2,2,23,0,0,0,0,0,2,11284.0,12294.0,13320.0,14031.0,15593.0,15201.0,1503.0,1529.0,1240.0,1802.0,0.0,707.0,0
9434,200000.0,2,2,2,36,-1,-1,-1,-1,-1,-1,694.0,2695.0,660.0,2315.0,1290.0,5745.0,2721.0,660.0,2315.0,1290.0,5745.0,0.0,1
7469,20000.0,1,1,2,39,1,2,2,2,2,2,10968.0,12495.0,11998.0,13795.0,13431.0,16199.0,2000.0,0.0,2000.0,0.0,3000.0,0.0,1
29012,580000.0,2,2,1,34,1,2,0,0,0,0,420115.0,405932.0,437254.0,477809.0,486721.0,498316.0,0.0,38001.0,50000.0,16881.0,18887.0,16846.0,1
11032,20000.0,2,2,1,37,0,0,0,0,0,-2,17312.0,17762.0,18814.0,19614.0,0.0,0.0,1500.0,1500.0,1000.0,0.0,0.0,0.0,1
29443,150000.0,1,2,1,27,0,0,0,0,0,0,118533.0,119911.0,123914.0,126447.0,128773.0,134930.0,3375.0,5000.0,3583.0,3402.0,7226.0,5000.0,0
7294,100000.0,2,2,1,27,-2,-2,-2,-2,-2,-2,390.0,1780.0,0.0,0.0,0.0,0.0,4780.0,0.0,0.0,0.0,0.0,0.0,0
12972,240000.0,2,1,2,29,-1,-1,-1,-1,-1,-1,59.0,548.0,208.0,0.0,44.0,19.0,548.0,208.0,0.0,44.0,0.0,643.0,1
5347,140000.0,2,3,2,23,0,0,0,0,0,0,100448.0,103990.0,104462.0,43810.0,44434.0,45251.0,5450.0,4200.0,1810.0,1765.0,2000.0,1665.0,0
14471,220000.0,1,1,1,48,3,2,2,-2,-2,-2,2500.0,2500.0,0.0,0.0,0.0,0.0,0.0,0.0,0.0,0.0,0.0,0.0,1
28812,60000.0,2,1,2,46,0,0,0,0,0,0,16017.0,30073.0,18385.0,20732.0,21196.0,23175.0,22000.0,3000.0,3000.0,1000.0,3000.0,0.0,0
15963,190000.0,2,2,2,36,0,0,0,0,0,0,187972.0,188542.0,190411.0,190197.0,180392.0,163922.0,8197.0,8400.0,6486.0,6046.0,6069.0,5626.0,0
24275,360000.0,1,2,1,29,0,0,0,-1,0,0,18454.0,16419.0,12932.0,91329.0,82929.0,70047.0,6028.0,6032.0,99578.0,2507.0,5376.0,2000.0,0
21150,280000.0,1,2,2,39,0,0,0,0,0,0,273651.0,279296.0,282851.0,251648.0,255697.0,261691.0,11128.0,11234.0,11002.0,10000.0,10000.0,10000.0,0
10864,150000.0,2,2,2,24,-2,-2,-2,-2,-2,-2,1563.0,5689.0,490.0,0.0,2893.0,0.0,5689.0,494.0,0.0,2893.0,0.0,499.0,0
17755,370000.0,2,3,2,50,-1,0,-1,-1,-2,-2,48303.0,129317.0,1364.0,0.0,0.0,0.0,124174.0,2000.0,0.0,0.0,0.0,2463.0,0
4485,160000.0,2,1,2,23,0,0,0,0,0,-2,151246.0,155926.0,113767.0,50531.0,-10.0,-5.0,10517.0,20258.0,20157.0,0.0,0.0,3570.0,0
10561,20000.0,1,2,2,30,0,0,0,0,0,0,19149.0,20221.0,19812.0,10717.0,13534.0,15298.0,1392.0,1201.0,1000.0,3000.0,2000.0,399.0,0
24578,310000.0,1,1,1,40,-2,-2,-2,-2,-2,-2,-150.0,-150.0,-150.0,-150.0,-150.0,-150.0,0.0,0.0,0.0,0.0,0.0,0.0,0
20327,390000.0,2,1,1,53,-1,-1,-2,-2,-1,0,611.0,0.0,0.0,0.0,343.0,1343.0,0.0,0.0,0.0,343.0,1000.0,1076.0,0
21717,50000.0,2,3,2,24,1,2,0,0,0,0,50162.0,48982.0,43579.0,43825.0,28396.0,27437.0,0.0,2207.0,2300.0,1006.0,1000.0,1100.0,0
10599,150000.0,1,5,2,31,-2,-2,-2,-2,-2,-2,136692.0,91815.0,0.0,0.0,0.0,0.0,2000.0,0.0,0.0,0.0,0.0,0.0,0
1434,20000.0,1,2,2,52,0,0,0,0,0,0,17420.0,19130.0,20340.0,19940.0,19940.0,0.0,2000.0,2000.0,0.0,0.0,0.0,0.0,0
5861,250000.0,2,2,2,40,-1,-1,-1,-1,0,0,2348.0,329.0,-1404.0,3596.0,8596.0,8941.0,329.0,5000.0,5000.0,5000.0,4000.0,3000.0,0
12427,30000.0,2,2,2,24,-1,0,0,0,0,0,20069.0,21148.0,22185.0,22551.0,23223.0,24837.0,1700.0,1700.0,1000.0,1000.0,2000.0,1400.0,0
10981,230000.0,2,1,1,36,1,-2,-2,-2,-2,-2,0.0,0.0,0.0,0.0,0.0,0.0,0.0,0.0,0.0,0.0,0.0,0.0,0
22045,400000.0,2,3,1,25,0,-1,-1,-1,-1,-1,12570.0,958.0,4465.0,14272.0,1965.0,958.0,958.0,4465.0,14272.0,1965.0,958.0,6405.0,0
27831,200000.0,2,1,2,26,-2,-2,-2,-2,-2,-2,2364.0,442.0,33442.0,2140.0,964.0,2075.0,442.0,33448.0,2140.0,964.0,2075.0,7511.0,0
23078,230000.0,2,1,1,34,-2,-2,-2,-2,-2,-2,711.0,-1.0,-1.0,-1.0,-1.0,-1.0,0.0,0.0,0.0,0.0,0.0,0.0,0
26377,110000.0,2,2,2,40,0,0,0,0,0,0,111720.0,86877.0,133187.0,65025.0,62777.0,62105.0,3406.0,2357.0,2239.0,3617.0,2247.0,2500.0,1
10407,360000.0,1,1,2,29,-2,-2,-2,-2,-2,-2,12018.0,31282.0,28823.0,51120.0,2222.0,-34.0,32038.0,28982.0,51379.0,2233.0,0.0,0.0,0
23491,120000.0,2,1,2,33,-1,-1,-1,-1,-1,2,332.0,332.0,538.0,3160.0,2928.0,2596.0,332.0,538.0,3160.0,100.0,0.0,2959.0,1
19567,240000.0,2,2,1,47,-2,-1,-1,-2,-1,-1,27884.0,23222.0,0.0,0.0,13143.0,27383.0,23610.0,0.0,0.0,13143.0,27383.0,21718.0,0
11473,20000.0,1,1,2,29,3,2,2,2,0,0,16330.0,15784.0,18200.0,17613.0,18371.0,19865.0,0.0,3000.0,0.0,1200.0,1800.0,0.0,1
12064,100000.0,1,2,2,31,0,0,0,0,0,0,21345.0,26288.0,23386.0,25362.0,26318.0,42484.0,6363.0,4386.0,5362.0,4344.0,20000.0,4382.0,0
8932,270000.0,1,2,2,31,-2,-2,-2,-2,-2,-2,0.0,1521.0,0.0,0.0,0.0,0.0,1521.0,0.0,0.0,0.0,0.0,200.0,0
10969,200000.0,1,1,2,34,3,2,-1,-1,-1,-2,1571.0,361.0,1716.0,460.0,0.0,0.0,0.0,1716.0,460.0,0.0,0.0,0.0,1
27756,50000.0,2,2,2,22,0,0,0,0,-2,-2,50180.0,38404.0,29775.0,0.0,0.0,0.0,2100.0,1800.0,0.0,0.0,0.0,0.0,0
26848,20000.0,1,2,2,41,0,0,0,-1,0,-1,16808.0,16741.0,14450.0,8796.0,5419.0,2377.0,1301.0,1000.0,8796.0,108.0,2377.0,15742.0,0
1611,30000.0,2,2,2,23,0,0,0,2,0,0,24285.0,26143.0,26929.0,19610.0,20591.0,19472.0,3002.0,2130.0,2.0,3004.0,8013.0,0.0,0
29237,20000.0,1,2,2,23,0,0,0,0,0,0,18963.0,19904.0,18038.0,19032.0,17372.0,17893.0,1300.0,1400.0,1300.0,700.0,800.0,1000.0,1
16267,190000.0,2,3,2,46,0,0,0,0,0,0,124245.0,126722.0,129376.0,132016.0,134632.0,137470.0,4536.0,4696.0,4791.0,4811.0,5000.0,5033.0,0
12394,30000.0,1,1,2,30,0,0,0,0,0,0,29965.0,28841.0,28278.0,28770.0,29432.0,28949.0,2000.0,1700.0,2008.0,2000.0,7600.0,2000.0,0
26840,20000.0,1,3,1,37,0,-1,0,0,0,0,18629.0,19202.0,20459.0,19493.0,17289.0,17684.0,21473.0,1576.0,2000.0,600.0,1000.0,700.0,0
2768,80000.0,2,2,2,24,0,0,0,0,0,0,81908.0,83597.0,157646.0,79061.0,79834.0,81257.0,5501.0,3450.0,3000.0,3059.0,2915.0,2758.0,1
12777,280000.0,2,1,1,44,0,0,0,0,0,0,146390.0,148737.0,151000.0,152538.0,154291.0,155955.0,5111.0,5100.0,4300.0,4500.0,4500.0,4500.0,0
23177,290000.0,2,2,1,35,0,0,-1,-1,-1,0,32485.0,21080.0,430.0,430.0,12715.0,16895.0,10000.0,430.0,430.0,12715.0,5000.0,15000.0,0
217,240000.0,2,2,1,36,1,-2,-2,-2,-2,-2,-946.0,-946.0,-946.0,-946.0,-946.0,-946.0,0.0,0.0,0.0,0.0,0.0,0.0,1
24877,410000.0,1,2,1,46,2,2,2,2,2,0,71532.0,73643.0,72083.0,76603.0,74964.0,76370.0,3700.0,0.0,6147.0,0.0,2577.0,2747.0,1
6166,360000.0,2,2,3,42,0,0,0,0,0,0,429169.0,278515.0,259097.0,259999.0,265746.0,259299.0,16629.0,9519.0,9367.0,10001.0,9513.0,9973.0,0
3902,50000.0,2,2,2,27,1,2,2,2,2,2,8951.0,8862.0,10061.0,9751.0,11585.0,11250.0,200.0,1500.0,0.0,2000.0,0.0,1600.0,1
21232,150000.0,1,1,1,44,-1,-1,-1,-1,-1,0,4825.0,3003.0,6164.0,3370.0,7279.0,4445.0,3018.0,6201.0,3386.0,7299.0,1166.0,5.0,0
24637,220000.0,1,2,1,35,0,0,0,0,0,0,210200.0,213208.0,219611.0,204740.0,97722.0,89971.0,8000.0,10098.0,5828.0,3000.0,3000.0,5000.0,1
10000,230000.0,1,2,1,36,0,0,0,0,0,0,19505.0,20715.0,19750.0,19506.0,19255.0,17479.0,3000.0,3000.0,3000.0,3000.0,3000.0,3000.0,0
14798,320000.0,2,2,1,35,-1,0,0,0,0,0,177391.0,182132.0,101849.0,92474.0,95279.0,77536.0,8200.0,4364.0,18000.0,4000.0,2576.0,5000.0,0
6088,200000.0,1,2,2,36,0,0,0,0,0,0,99483.0,97546.0,98897.0,94943.0,96967.0,99016.0,4841.0,4300.0,3300.0,3361.0,3500.0,3206.0,1
14460,140000.0,2,2,2,35,0,0,0,0,0,0,140387.0,129846.0,87849.0,84455.0,87287.0,81423.0,5509.0,7124.0,2866.0,4033.0,5954.0,3120.0,0
2857,20000.0,1,2,2,34,0,0,0,0,0,0,15907.0,17142.0,17844.0,18009.0,17356.0,17200.0,1498.0,1200.0,365.0,347.0,344.0,0.0,0
18218,50000.0,1,2,3,52,0,0,0,0,0,0,49854.0,51215.0,50144.0,10683.0,9953.0,9567.0,2500.0,1500.0,1300.0,800.0,1000.0,1500.0,0
17042,190000.0,2,2,2,25,0,0,0,0,0,0,26023.0,24995.0,23130.0,28126.0,26104.0,18840.0,1615.0,1200.0,26703.0,2104.0,7000.0,11747.0,0
12415,180000.0,2,2,1,28,-1,-1,-1,-1,-1,-1,1206.0,661.0,1503.0,1379.0,1216.0,1440.0,661.0,1512.0,1379.0,1216.0,1440.0,316.0,0
9673,430000.0,2,1,2,29,0,0,0,0,0,0,67336.0,53400.0,52214.0,32386.0,32848.0,28557.0,3261.0,3051.0,1199.0,2000.0,2000.0,140908.0,0
517,70000.0,1,3,1,32,0,0,0,0,0,0,68739.0,67629.0,69188.0,68392.0,69884.0,71284.0,3060.0,3300.0,2610.0,2750.0,2750.0,5500.0,0
11624,180000.0,1,2,2,31,0,0,0,-2,-2,-2,130171.0,12666.0,0.0,0.0,0.0,0.0,1110.0,0.0,0.0,0.0,0.0,0.0,0
8282,110000.0,2,1,1,29,-1,-1,-1,-1,0,-1,3261.0,1380.0,1380.0,2760.0,1380.0,1700.0,1380.0,1380.0,2760.0,0.0,1700.0,0.0,0
20257,30000.0,2,3,2,58,0,0,0,0,0,0,24874.0,25961.0,27534.0,27670.0,28717.0,28786.0,1500.0,2000.0,1500.0,1500.0,1100.0,1300.0,0
12079,30000.0,2,3,0,46,1,2,2,2,2,2,20143.0,19532.0,22194.0,21542.0,24022.0,25473.0,0.0,3000.0,0.0,3000.0,2000.0,0.0,0
17735,290000.0,2,3,1,58,1,2,2,2,0,0,68445.0,66757.0,76983.0,74891.0,78100.0,83325.0,0.0,12000.0,0.0,5000.0,6000.0,0.0,0
2158,310000.0,2,2,2,42,0,0,0,0,0,0,128166.0,102808.0,94484.0,95087.0,80331.0,66813.0,3844.0,5000.0,5000.0,6000.0,6000.0,7000.0,0
28082,10000.0,2,3,1,44,5,4,3,2,2,2,8678.0,8401.0,8128.0,7841.0,8579.0,8317.0,0.0,0.0,0.0,1000.0,0.0,1000.0,1
10727,140000.0,1,1,2,35,0,0,0,0,0,0,142119.0,142362.0,142292.0,99399.0,101677.0,100867.0,6000.0,6982.0,3500.0,3800.0,3700.0,4000.0,0
29031,240000.0,2,1,2,29,0,0,0,0,0,0,236883.0,241574.0,244010.0,239778.0,191762.0,196015.0,8636.0,9303.0,8159.0,5449.0,5900.0,5323.0,0
3097,50000.0,1,1,2,34,0,0,0,0,0,0,20613.0,28018.0,22744.0,18484.0,16378.0,13352.0,10000.0,10000.0,1500.0,3000.0,2803.0,5000.0,0
22754,70000.0,2,2,2,40,2,0,0,0,0,0,64744.0,66030.0,67450.0,68587.0,57710.0,58918.0,2361.0,2482.0,2293.0,2063.0,2135.0,2188.0,1
3109,260000.0,1,2,2,28,0,0,0,0,0,0,234867.0,237497.0,215343.0,205576.0,207688.0,198955.0,10500.0,9150.0,7500.0,8000.0,7500.0,7100.0,0
10277,500000.0,2,2,1,34,0,0,0,0,0,0,60278.0,56247.0,46940.0,45607.0,41412.0,31200.0,1745.0,1635.0,2000.0,3450.0,3000.0,2000.0,0
21882,160000.0,2,3,2,26,-1,-1,-1,-1,-1,-1,390.0,390.0,390.0,390.0,390.0,390.0,390.0,390.0,390.0,390.0,390.0,390.0,0
6428,100000.0,2,2,2,23,0,0,0,0,0,0,8002.0,7954.0,9777.0,10026.0,9657.0,9279.0,2000.0,2000.0,1000.0,504.0,1000.0,2000.0,0
9253,170000.0,2,2,2,34,-1,-1,-1,-1,-1,-1,8069.0,2855.0,11744.0,5886.0,12916.0,3177.0,2855.0,11900.0,5886.0,12916.0,3177.0,4511.0,1
2407,210000.0,2,3,1,40,0,0,0,0,0,0,201169.0,210942.0,214523.0,138786.0,140918.0,144099.0,16286.0,10011.0,5000.0,6000.0,6000.0,6000.0,0
25039,500000.0,1,1,2,58,0,0,0,0,0,0,201013.0,197982.0,137786.0,129575.0,135483.0,118851.0,8366.0,12063.0,8031.0,16114.0,10091.0,15123.0,0
14643,300000.0,2,1,1,52,1,-2,-2,-2,-2,-2,0.0,0.0,0.0,0.0,0.0,0.0,0.0,0.0,0.0,0.0,0.0,0.0,0
24744,30000.0,1,2,1,40,0,0,0,0,0,0,25328.0,22520.0,21554.0,22280.0,18330.0,780.0,2000.0,2000.0,2000.0,1000.0,0.0,0.0,0
18525,190000.0,2,3,2,24,0,0,0,0,-1,0,54186.0,55466.0,57358.0,10890.0,287.0,49983.0,2000.0,2700.0,1100.0,287.0,49696.0,2000.0,0
13421,420000.0,2,2,1,36,0,0,0,0,0,0,185882.0,172613.0,134188.0,121983.0,111256.0,103481.0,10000.0,10000.0,10000.0,11256.0,13841.0,15059.0,0
3399,80000.0,2,2,1,25,1,-2,-2,-2,-1,-1,0.0,0.0,0.0,0.0,13369.0,0.0,0.0,0.0,0.0,13369.0,0.0,0.0,0
8944,170000.0,2,2,1,28,0,0,0,0,0,0,105509.0,106445.0,68703.0,66338.0,62135.0,65706.0,4285.0,3000.0,3000.0,3000.0,5000.0,3000.0,0
27173,170000.0,1,1,2,33,-1,-1,-1,-1,-1,-1,2371.0,316.0,316.0,316.0,316.0,316.0,316.0,316.0,316.0,316.0,316.0,1316.0,0
6940,50000.0,2,1,2,23,-1,-1,-1,-1,-1,-1,15512.0,2552.0,13890.0,2545.0,15688.0,3088.0,2552.0,13914.0,2545.0,16508.0,3088.0,0.0,0
27316,80000.0,1,2,2,38,0,0,0,0,0,0,73171.0,76815.0,64814.0,66796.0,41622.0,46002.0,5000.0,4000.0,4000.0,2000.0,5000.0,1588.0,0
28315,200000.0,2,2,1,48,-2,-1,2,-1,0,0,22111.0,32938.0,10902.0,6309.0,4979.0,2978.0,11257.0,0.0,6309.0,0.0,2986.0,0.0,1
27775,240000.0,2,2,2,24,0,0,0,0,0,0,75830.0,50787.0,51524.0,31783.0,33993.0,36783.0,1480.0,1601.0,1400.0,3000.0,3180.0,37102.0,0
9817,50000.0,2,2,2,53,0,0,0,-1,-1,2,7343.0,7969.0,8832.0,10931.0,11578.0,10547.0,1139.0,1002.0,13359.0,800.0,0.0,426.0,0
16140,280000.0,2,2,2,33,0,0,0,0,0,0,28928.0,24266.0,20209.0,20395.0,18969.0,18381.0,1634.0,1649.0,1304.0,703.0,701.0,705.0,0
9419,300000.0,1,1,2,32,1,2,2,-1,0,0,10566.0,11293.0,12000.0,3458.0,56338.0,56735.0,1200.0,1200.0,9427.0,55000.0,2000.0,2000.0,0
12316,250000.0,2,1,1,39,-1,-1,2,-1,-1,-1,1000.0,4070.0,3629.0,1570.0,248.0,1247.0,3629.0,3.0,1575.0,248.0,1247.0,621.0,0
2519,200000.0,2,1,1,38,-2,-2,-2,-2,-2,-2,-3.0,687.0,2740.0,2044.0,1614.0,2066.0,690.0,2753.0,2054.0,1622.0,2076.0,578.0,0
29752,100000.0,1,3,1,30,0,0,0,2,0,0,50512.0,49374.0,51644.0,45920.0,21659.0,10861.0,2000.0,5138.0,75.0,1032.0,32.0,15127.0,0
16602,80000.0,1,1,2,29,0,0,0,0,0,0,79048.0,80676.0,78311.0,80777.0,79306.0,79195.0,3000.0,3100.0,7000.0,3200.0,3500.0,3200.0,0
17593,110000.0,2,1,1,35,0,0,0,0,0,0,107905.0,101573.0,104079.0,104829.0,107400.0,105694.0,4000.0,5300.0,4000.0,4200.0,4000.0,3800.0,0
5101,360000.0,2,1,1,48,-2,-2,-2,-2,-1,-1,2119.0,-3.0,-3.0,-3.0,711.0,875.0,3.0,0.0,0.0,714.0,879.0,1519.0,0
9843,30000.0,1,2,2,25,1,2,2,2,2,2,26623.0,27703.0,26753.0,30107.0,30614.0,27190.0,1800.0,0.0,4100.0,900.0,0.0,40925.0,1
17188,70000.0,2,1,2,29,0,0,0,2,2,2,40048.0,40783.0,44205.0,44784.0,43763.0,46646.0,1700.0,4100.0,1600.0,0.0,3600.0,2000.0,0
7278,150000.0,2,1,1,44,1,2,2,-1,-1,2,27270.0,24600.0,0.0,10195.0,24232.0,22000.0,0.0,0.0,10195.0,24232.0,0.0,0.0,1
18773,60000.0,2,2,1,27,0,0,0,0,0,0,54900.0,55948.0,55188.0,55960.0,56564.0,57464.0,1971.0,2000.0,2003.0,2003.0,2070.0,2140.0,1
10079,100000.0,2,2,1,28,0,0,0,0,0,0,95251.0,98226.0,98295.0,100406.0,100430.0,101392.0,5401.0,3576.0,3754.0,3806.0,3796.0,4000.0,0
21771,310000.0,2,1,2,25,0,0,0,0,0,0,140483.0,141796.0,145125.0,148388.0,152132.0,155887.0,4000.0,4500.0,4500.0,5000.0,5000.0,5000.0,0
26444,70000.0,2,2,1,50,0,0,0,0,0,0,12857.0,13867.0,14897.0,15941.0,16376.0,16959.0,1530.0,1560.0,1600.0,1000.0,1000.0,2400.0,0
9893,150000.0,2,1,2,25,0,0,2,2,2,2,129911.0,140013.0,137279.0,143848.0,146986.0,149805.0,12200.0,1000.0,10400.0,5600.0,5400.0,5000.0,1
6329,500000.0,1,1,2,43,0,0,0,0,0,0,141323.0,143548.0,146487.0,139155.0,142337.0,145411.0,5000.0,5015.0,5000.0,5000.0,5000.0,5000.0,0
10046,50000.0,2,2,1,39,0,0,0,0,0,0,42822.0,43872.0,25400.0,24202.0,25904.0,27567.0,2000.0,2000.0,1000.0,2000.0,2000.0,2000.0,0
26120,200000.0,2,3,1,32,0,0,0,0,0,0,132436.0,133530.0,137837.0,140609.0,141896.0,151082.0,4780.0,6459.0,6550.0,5106.0,11500.0,0.0,1
14330,20000.0,1,2,2,25,2,2,2,2,2,2,150.0,150.0,150.0,1150.0,1000.0,0.0,0.0,0.0,1000.0,0.0,0.0,0.0,0
26756,380000.0,1,1,2,28,-2,-2,-2,-2,-2,-2,1294.0,1058.0,359.0,359.0,359.0,509.0,1058.0,359.0,359.0,359.0,509.0,359.0,0
11847,120000.0,2,2,1,42,0,0,0,0,0,0,94218.0,95129.0,172957.0,85332.0,87103.0,71237.0,3415.0,3002.0,3177.0,3271.0,2702.0,2620.0,0
16587,200000.0,1,2,2,29,0,0,0,0,0,0,60068.0,50636.0,41265.0,49072.0,11314.0,11816.0,2500.0,2626.0,9412.0,500.0,1000.0,500.0,0
17551,200000.0,2,1,2,40,2,2,0,0,0,2,185696.0,181236.0,185410.0,189069.0,197736.0,183299.0,0.0,8600.0,8300.0,13257.0,917.0,7000.0,1
21265,50000.0,1,2,1,50,0,0,0,0,0,0,47053.0,11165.0,12186.0,13280.0,14055.0,14428.0,1200.0,1206.0,1300.0,1000.0,600.0,530.0,1
15092,360000.0,1,1,1,32,0,0,0,0,0,0,120533.0,124530.0,128518.0,134368.0,135626.0,134864.0,6000.0,6000.0,8000.0,4918.0,5000.0,3300.0,0
23481,200000.0,2,1,2,31,-2,-2,-2,-2,-2,-2,0.0,950.0,0.0,1782.0,669.0,0.0,950.0,0.0,2422.0,669.0,0.0,0.0,0
18394,90000.0,2,1,2,24,2,2,2,2,0,0,14085.0,13558.0,12193.0,12986.0,11831.0,12488.0,0.0,2000.0,1300.0,700.0,1000.0,3500.0,1
22277,230000.0,2,1,2,28,-2,-2,-2,-2,-2,-1,355.0,0.0,916.0,0.0,0.0,8878.0,0.0,916.0,0.0,0.0,8878.0,800.0,1
10400,260000.0,1,1,1,53,1,-2,-2,-1,-1,2,0.0,990.0,0.0,1930.0,4304.0,150.0,990.0,0.0,1930.0,4304.0,0.0,150.0,1
8165,290000.0,1,1,1,56,0,0,0,0,0,0,222000.0,226917.0,415700.0,232732.0,220460.0,224780.0,10013.0,8501.0,15018.0,10001.0,7997.0,7624.0,0
22501,180000.0,2,2,1,33,-1,-1,-1,-1,-1,-1,3490.0,0.0,1112.0,10383.0,1980.0,2672.0,0.0,1112.0,10383.0,1980.0,2672.0,2197.0,0
10884,160000.0,2,1,2,30,-1,2,2,-1,-1,-1,6548.0,3200.0,0.0,4775.0,456.0,0.0,7.0,0.0,4775.0,456.0,0.0,0.0,0
23087,150000.0,2,2,2,40,-2,-2,-2,-2,-2,-2,8482.0,3493.0,4724.0,5749.0,345.0,349.0,3514.0,4724.0,5749.0,345.0,349.0,24026.0,0
24673,20000.0,1,2,2,43,0,0,2,0,0,0,13817.0,15398.0,15852.0,16862.0,17197.0,17558.0,1815.0,1000.0,1279.0,614.0,637.0,2350.0,1
13721,100000.0,2,2,2,27,0,0,0,0,0,2,96191.0,96908.0,97565.0,98561.0,103039.0,95803.0,3504.0,3500.0,3800.0,7500.0,0.0,3600.0,1
17847,200000.0,1,1,2,26,2,2,2,2,2,2,196979.0,200055.0,202494.0,162228.0,154294.0,147514.0,7800.0,7500.0,0.0,6700.0,5000.0,7000.0,1
3383,170000.0,1,3,1,45,0,0,0,0,0,0,40441.0,40937.0,34090.0,34894.0,36829.0,37727.0,5000.0,2000.0,2000.0,3000.0,2000.0,2000.0,0
9846,130000.0,2,3,1,43,0,0,0,0,0,2,74020.0,71527.0,66370.0,43882.0,41063.0,29215.0,5000.0,3000.0,2500.0,4100.0,0.0,5000.0,0
18833,30000.0,2,2,2,22,0,0,0,0,0,0,20439.0,21664.0,18969.0,23317.0,17689.0,20013.0,1595.0,2000.0,5000.0,0.0,5400.0,300.0,0
19341,50000.0,2,2,1,45,0,0,0,0,0,0,48875.0,50103.0,46641.0,31459.0,28901.0,29523.0,2080.0,1690.0,1458.0,1100.0,1076.0,1094.0,0
7340,110000.0,1,3,1,35,2,0,0,0,2,2,67591.0,69773.0,71886.0,76767.0,78462.0,79890.0,3200.0,3200.0,6000.0,3000.0,2800.0,3200.0,1
14369,450000.0,2,1,2,54,1,-2,-2,-1,-1,-1,-237.0,-2400.0,-2400.0,3990.0,30050.0,9993.0,0.0,0.0,6390.0,30050.0,9993.0,0.0,0
14660,130000.0,1,2,2,32,-1,-1,-1,-1,-1,-1,1496.0,1496.0,1496.0,1496.0,1496.0,1496.0,1496.0,1496.0,1496.0,1496.0,1496.0,1496.0,0
